{
	"sites": [
		{
			"key": "豆瓣",
			"name": "🏠┃更多福利接口关注┃公众号：玩偶软件",
			"type": 3,
			"api": "./lib/drpy2.min.js",
			"searchable": 0,
			"changeable": 1,
			"ext": "./lib/douban.js"
		},
		{
			"key": "XBPQ_免费",
			"name": "🚀秒播┃影视",
			"type": 3,
			"api": "csp_XBPQ",
			"ext": "./lib/zeqaht.json"
		},
		{
			"key": "XBPQ_白嫖",
			"name": "🛍️白嫖┃影视",
			"type": 3,
			"api": "csp_XBPQ",
			"ext": "./lib/baipiaoys.json"
		},
		{
			"key": "XBPQ_4kvm",
			"name": "🥭五楼┃影视",
			"type": 3,
			"api": "csp_XBPQ",
			"ext": "./lib/4kvm.json"
		},
		{
			"key": "XBPQ_南坊",
			"name": "🏠南坊┃影视",
			"type": 3,
			"api": "csp_XBPQ",
			"ext": "./lib/南坊.json"
		},
		{
			"key": "XBPQ_黑木耳",
			"name": "♠️黑木耳┃影视",
			"type": 3,
			"api": "csp_XBPQ",
			"ext": "./lib/heimuer.json"
		},
		{
			"key": "cjzy_360资源",
			"name": "🧭卫士┃影视",
			"type": 1,
			"api": "https://360zy.com/api.php/provide/vod",
			"playUrl": "",
			"categories": [
				"国产剧",
				"国产动漫",
				"香港剧",
				"台湾剧",
				"欧美剧",
				"日韩动漫",
				"NBA",
				"短片",
				"西部片",
				"综艺片",
				"动漫片",
				"动作片",
				"喜剧片",
				"爱情片",
				"科幻片",
				"恐怖片",
				"惊悚片",
				"悬疑片",
				"犯罪片",
				"剧情片",
				"战争片",
				"家庭篇",
				"记录片",
				"历史片",
				"动漫片",
				"大陆综艺",
				"港台综艺"
			]
		},
		{
			"key": "drpy_365",
			"name": " 📡365┃影视",
			"type": 3,
			"api": "./lib/drpy2.min.js",
			"ext": "./lib/365.js"
		},
		{
			"key": "XYQH_素白白",
			"name": "🏠素白┃慎用",
			"type": 3,
			"api": "csp_XYQHiker",
			"ext": "./lib/素白白.json"
		},
		{
			"key": "XBPQ_98影视",
			"name": "🍸酒吧┃影视",
			"type": 3,
			"api": "csp_XBPQ",
			"ext": "./lib/98影视.json"
		},
		{
			"key": "XBPQ_黑狐",
			"name": "🦝黑狐┃影视",
			"type": 3,
			"api": "csp_XBPQ",
			"ext": "./lib/黑狐影视.json"
		},
		{
			"key": "XBPQ_2BT",
			"name": "🤥鼻涕┃影视",
			"type": 3,
			"api": "csp_XBPQ",
			"ext": "./lib/2bt.json"
		},
		{
			"key": "drpy_好看",
			"name": "👀好看┃影视",
			"type": 3,
			"api": "./lib/drpy2.min.js",
			"ext": "./lib/好看.js"
		},
		{
			"key": "XBPQ_榜—",
			"name": "🎞️榜—┃短剧",
			"type": 3,
			"api": "csp_XBPQ",
			"ext": {
				"简介": "免费在线短剧大全爽文短剧抖剧快剧为您剧情介绍+vod_content\">&&</div>",
				"分类url": "https://duanjuu.com/vodshow/{cateId}--------{catePg}---.html",
				"分类": "逆袭$1#甜宠$3#虐恋$5#穿越$7#重生$9#都市$11#现代言情$13#古装$15#古装言情$17#战神$19#神医$21#神豪$23#超能$25#萌宝$27#复仇$29#脑洞$31#赘婿$33#玄幻$35#热血$37#其他$39"
			}
		},
		{
			"key": "XBPQ_巴士",
			"name": "🚌巴士┃动漫",
			"type": 3,
			"api": "csp_XBPQ",
			"ext": "./lib/dm84.json"
		},
		{
			"key": "csp_New6v",
			"name": "🆕新6V┃慎用",
			"type": 3,
			"api": "csp_New6v",
			"ext": "https://www.xb6v.com"
		},
		{
			"key": "直播转点播",
			"name": "📺电视┃直播",
			"type": 3,
			"searchable": 2,
			"quickSearch": 0,
			"filterable": 0,
			"api": "./lib/live2mv.js",
			"ext": "./lib/zb.json"
		},
		{
			"key": "drpy_好趣网",
			"name": "📺好趣┃直播",
			"type": 3,
			"api": "./lib/drpy2.min.js",
			"ext": "./lib/好趣网.js"
		},
		{
			"key": "XYQH_电影港",
			"name": "🏠影港┃慎用",
			"type": 3,
			"api": "csp_XYQHikerAL",
			"ext": "./lib/电影港.json"
		},
		{
			"key": "XBPQ_wo4K",
			"name": "🛣️顶级┃慎用",
			"type": 3,
			"api": "csp_XBPQ",
			"ext": "./lib/wo4K.json"
		},
		{
			"key": "XBPQ_天堂",
			"name": "🏞️天堂┃电影",
			"type": 3,
			"api": "csp_XBPQ",
			"ext": "./lib/电影天堂.json"
		},
		{
			"key": "csp_Mp4Mov",
			"name": "🧲Mp4┃慎用",
			"type": 3,
			"api": "csp_Mp4Mov"
		},
		{
			"key": "XYQH_影搜",
			"name": "🌍影搜┃搜索",
			"type": 3,
			"api": "csp_XYQHikerAL",
			"playerType": 1,
			"ext": "./lib/影搜.json"
		},
		{
			"key": "XYQH_聚合",
			"name": "🈴聚合┃搜索",
			"type": 3,
			"api": "csp_XYQHikerAL",
			"playerType": 1,
			"ext": "./lib/聚合网盘.json"
		},
		{
			"key": "XYQH_云盘",
			"name": "🗃️云盘┃搜索",
			"type": 3,
			"api": "csp_XYQHikerAL",
			"playerType": 1,
			"ext": "./lib/yunpan.json"
		},
		{
			"key": "XYQH_土豆",
			"name": "😈土豆┃玩偶",
			"type": 3,
			"vip_thread_limit": 10,
			"api": "csp_XYQHikerAL",
			"ext": "./lib/土豆.json"
		},
		{
			"key": "csp_Tudou",
			"name": "😈土狗┃玩偶",
			"type": 3,
			"api": "csp_Tudou",
			"ext": "77c9aa84a92e4963a47f5e2bdb7d48b9",
			"jar": "./lib/tudou.jar;md5;2c46018d3be585009ec6680d420c88b2"
		},
		{
			"key": "csp_KungFu404",
			"name": "⚙阿里┃设置",
			"type": 3,
			"api": "csp_KungFu404",
			"jar": "./lib/ali.jar;md5;19dd113a118d02f8dcb989855aaf3a06"
		},
		{
			"key": "csp_Yisou",
			"name": "🆎易搜┃搜索",
			"type": 3,
			"api": "csp_Yisou",
			"ext": "77c9aa84a92e4963a47f5e2bdb7d48b9"
		},
		{
			"key": "csp_Zhaozy",
			"name": "⏱️找资源┃搜索",
			"type": 3,
			"api": "csp_Zhaozy",
			"ext": "{\"username\":\"zzygll2\",\"password\":\"zzy555555\",\"searchurl\":\"https://zhaoziyuan1.cc/so?filename={wd}\"}"
		},
		{
			"key": "XYQH_盘搜",
			"name": "💾盘搜┃搜索",
			"type": 3,
			"playerType": 1,
			"api": "csp_XYQHiker",
			"ext": "./lib/盘搜.json"
		},
		{
			"key": "drpy_vip",
			"name": "💳威鸭屁┃影视",
			"type": 3,
			"api": "./lib/drpy2.min.js",
			"ext": "./lib/tvbox29.js"
		},
		{
			"key": " bili_道长哔哩",
			"name": "👨‍💻哔哩┃通用",
			"type": 3,
			"api": "./lib/drpy2.min.js",
			"ext": "./lib/我的哔哩.js"
		},
		{
			"key": "相声",
			"name": "📻相声┃BPQ",
			"type": 3,
			"searchable": 0,
			"style": {
				"type": "rect",
				"ratio": 1.597
			},
			"quickSearch": 0,
			"api": "csp_XBPQ",
			"ext": "./lib/相声随身听.json"
		},
		{
			"key": "评书",
			"name": "📻评书┃BPQ",
			"type": 3,
			"searchable": 0,
			"style": {
				"type": "rect",
				"ratio": 1.597
			},
			"quickSearch": 0,
			"api": "csp_XBPQ",
			"ext": "./lib/评书.json"
		},
		{
			"key": "appys_影探",
			"name": "🍝影探┃影视",
			"type": 3,
			"api": "./lib/drpy2.min.js",
			"playerType": 1,
			"ext": "./lib/lyyytv.js"
		},
		{
			"key": "app_嘛艺",
			"name": "📛嘛艺┃影视",
			"type": 3,
			"api": "csp_AppYsV2",
			"ext": "http://122.228.84.103:5822/api.php/app/"
		},
		{
			"key": "app_聚合短剧",
			"name": "🍥聚合┃短剧",
			"type": 3,
			"api": "csp_AppYsV2",
			"ext": "http://122.228.84.103:6822/api.php/app/"
		},
		{
			"key": "app_兜摔",
			"name": "🏂兜摔┃影视",
			"type": 1,
			"api": "http://103.97.176.128:9527/api.php/provide/vod/?ac=list",
			"playUrl": "json:http://27.159.67.238:6688/?url="
		},
		{
			"key": "drpy_爱迪",
			"name": "🆔爱迪┃影视",
			"type": 3,
			"api": "./lib/drpy2.min.js",
			"ext": "./lib/A8音乐.js"
		},
		{
			"key": "drpy_网飞",
			"name": "🥅网飞┃影视",
			"type": 3,
			"api": "./lib/drpy2.min.js",
			"ext": "./lib/网飞.js"
		},
		{
			"key": "appys_4kgod6",
			"name": "🥬白菜┃影视",
			"type": 3,
			"api": "csp_AppYsV2",
			"playerType": 1,
			"ext": "http://www.4kgod6.club/api.php/app/"
		},
		{
			"key": "XYQHAL_Wog1",
			"name": "❤玩偶┃影视",
			"type": 3,
			"api": "csp_XYQHikerAL",
			"playerType": 1,
			"ext": "./lib/wog1.json"
		},
		{
			"key": "XYQHAL_Wog2",
			"name": "💙玩偶┃影视",
			"type": 3,
			"api": "csp_XYQHikerAL",
			"playerType": 1,
			"ext": "./lib/wog2.json"
		},
		{
			"key": "XYQHAL_Wog3",
			"name": "🖤玩偶┃影视",
			"type": 3,
			"api": "csp_XYQHikerAL",
			"playerType": 1,
			"ext": "./lib/wog3.json"
		},
		{
			"key": "XYQHAL_Wog4",
			"name": "💚玩偶┃影视",
			"type": 3,
			"api": "csp_XYQHikerAL",
			"playerType": 1,
			"ext": "./lib/wog4.json"
		},
		{
			"key": "XYQHAL_Wog5",
			"name": "🌅玩偶┃影视",
			"type": 3,
			"api": "csp_XYQHikerAL",
			"playerType": 1,
			"ext": "./lib/wog5.json"
		},
		{
			"key": "XYQHAL_Wog6",
			"name": "🌄玩偶┃影视",
			"type": 3,
			"api": "csp_XYQHikerAL",
			"playerType": 1,
			"ext": "./lib/wog6.json"
		},
		{
			"key": "XYQHAL_Wog7",
			"name": "🌌玩偶┃影视",
			"type": 3,
			"api": "csp_XYQHikerAL",
			"playerType": 1,
			"ext": "./lib/wog7.json"
		},
		{
			"key": "XYQH_急救",
			"name": "🚑急救┃技能",
			"type": 3,
			"api": "csp_XYQHiker",
			"ext": "./lib/急救.json"
		},
		{
			"key": "drpy_企鹅",
			"name": "🐧企鹅┃影视",
			"type": 3,
			"api": "./lib/drpy2.min.js",
			"ext": "./lib/txtv.js"
		},
		{
			"key": "drpy_奇异",
			"name": "🥝奇异┃影视",
			"type": 3,
			"api": "./lib/drpy2.min.js",
			"ext": "./lib/iqytv.js"
		},
		{
			"key": "drpy_芒果",
			"name": "🥭忙果┃影视",
			"type": 3,
			"api": "./lib/drpy2.min.js",
			"ext": "./lib/mgtv.js"
		},
		{
			"key": "drpy_优酷",
			"name": "👑优库┃影视",
			"type": 3,
			"api": "./lib/drpy2.min.js",
			"ext": "./lib/yktv.js"
		},
		{
			"key": "drpy_菜狗",
			"name": "🐕️菜狗┃影视",
			"type": 3,
			"api": "./lib/drpy2.min.js",
			"ext": "./lib/sogou.js"
		},
		{
			"key": "csp_MeijuTT",
			"name": "⛪天堂┃美剧",
			"type": 3,
			"api": "csp_MeijuTT"
		},
		{
			"key": "csp_MeijuMi",
			"name": "🇺🇸美剧┃慎用",
			"type": 3,
			"api": "csp_MeijuMi"
		},
		{
			"key": "csp_Xunlei8",
			"name": "✈️迅雷┃慎用",
			"type": 3,
			"api": "csp_Xunlei8"
		},
		{
			"key": "xpath_音丝范",
			"name": "🎹音范┃慎用",
			"type": 3,
			"api": "csp_XPath",
			"ext": "./lib/音范丝.json"
		},
		{
			"key": "zycj_暴風",
			"name": "🌀暴風┃影视",
			"type": 1,
			"api": "https://bfzyapi.com/api.php/provide/vod/?wd=",
			"playUrl": "",
			"categories": [
				"国产剧",
				"国产动漫",
				"港剧",
				"韩剧",
				"欧美剧",
				"动作片",
				"喜剧片",
				"爱情片",
				"科幻片",
				"恐怖片",
				"剧情片",
				"战争片",
				"记录片",
				"台剧",
				"日剧",
				"海外剧",
				"泰剧",
				"大陆综",
				"艺港台综艺",
				"日韩综艺",
				"欧美综艺",
				"日韩动漫",
				"欧美动漫",
				"港台动漫",
				"海外动漫",
				"电影解说",
				"体育",
				"足球",
				"篮球",
				"网球",
				"斯诺克",
				"预告片",
				"短剧"
			]
		},
		{
			"key": "zycj_索尼",
			"name": "📀索尼┃影视",
			"type": 1,
			"api": "https://suoniapi.com/api.php/provide/vod",
			"playUrl": "",
			"categories": [
				"国产剧",
				"国产动漫",
				"港剧",
				"韩剧",
				"欧美剧",
				"动作片",
				"喜剧片",
				"爱情片",
				"科幻片",
				"恐怖片",
				"剧情片",
				"战争片",
				"记录片",
				"台剧",
				"日剧",
				"海外剧",
				"泰剧",
				"大陆综",
				"艺港台综艺",
				"日韩综艺",
				"欧美综艺",
				"日韩动漫",
				"欧美动漫",
				"港台动漫",
				"海外动漫",
				"电影解说",
				"体育",
				"足球",
				"篮球",
				"网球",
				"斯诺克",
				"预告片",
				"短剧"
			]
		},
		{
			"key": "zycj_快云",
			"name": "☁️快云┃影视",
			"type": 1,
			"api": "https://kuaiyun-api.com/api.php/provide/vod/?wd=",
			"searchable": 1,
			"quickSearch": 1,
			"filterable": 0,
			"categories": [
				"国产剧",
				"香港剧",
				"韩国剧",
				"欧美剧",
				"动作片",
				"喜剧片",
				"爱情片",
				"科幻片",
				"恐怖片",
				"剧情片",
				"战争片",
				"纪录片"
			]
		},
		{
			"key": "zycj_非凡",
			"name": "🦅非凡┃影视",
			"type": 1,
			"api": "http://cj.ffzyapi.com/api.php/provide/vod/",
			"playUrl": "",
			"playerType": 1,
			"searchable": 1,
			"changeable": 1,
			"categories": [
				"国产动漫",
				"日韩动漫",
				"国产剧",
				"韩国剧",
				"日本剧",
				"电影片",
				"连续剧",
				"综艺片",
				"动漫片",
				"动作片",
				"喜剧片",
				"爱情片",
				"科幻片",
				"恐怖片",
				"剧情片",
				"战争片",
				"香港剧",
				"欧美剧",
				"记录片",
				"台湾剧",
				"海外剧",
				"泰国剧",
				"大陆综艺",
				"港台综艺",
				"日韩综艺",
				"欧美综艺",
				"欧美动漫",
				"港台动漫",
				"海外动漫"
			]
		},
		{
			"key": "zycj_量子",
			"name": "🛰️量子┃影视",
			"type": 0,
			"api": "https://cj.lziapi.com/api.php/provide/vod/at/xml/",
			"playUrl": "",
			"categories": [
				"国产剧",
				"国产动漫",
				"港剧",
				"韩剧",
				"欧美剧",
				"动作片",
				"喜剧片",
				"爱情片",
				"科幻片",
				"恐怖片",
				"剧情片",
				"战争片",
				"记录片",
				"台剧",
				"日剧",
				"海外剧",
				"泰剧",
				"大陆综",
				"艺港台综艺",
				"日韩综艺",
				"欧美综艺",
				"日韩动漫",
				"欧美动漫",
				"港台动漫",
				"海外动漫",
				"电影解说",
				"体育",
				"足球",
				"篮球",
				"网球",
				"斯诺克",
				"预告片",
				"短剧"
			]
		},
		{
			"key": "zycj_天天",
			"name": "📅天天┃影视",
			"type": 1,
			"api": "https://api.1080zyku.com/inc/apijson.php",
			"playUrl": "",
			"categories": [
				"国产剧",
				"国产动漫",
				"韩国剧",
				"欧美剧",
				"大陆综艺",
				"动作片",
				"爱情片",
				"恐怖片",
				"剧情片",
				"战争片",
				"灾难片",
				"悬疑片",
				"犯罪片",
				"奇幻片",
				"纪录片",
				"体育赛事",
				"动漫",
				"动画片",
				"日本动漫",
				"欧美动漫",
				"欧美剧",
				"韩剧",
				"日剧",
				"马泰剧",
				"台湾剧",
				"综艺",
				"日韩综艺",
				"港台综艺",
				"欧美综艺"
			]
		},
		{
			"key": "cjzy_极速",
			"name": "🚀极速┃带草",
			"type": 1,
			"api": "https://jszyapi.com/api.php/provide/vod/from/jsm3u8/",
			"categories": [
				"内地剧",
				"中国动漫",
				"香港剧",
				"动作片",
				"爱情片",
				"恐怖片",
				"剧情片",
				"战争片",
				"灾难片",
				"悬疑片",
				"犯罪片",
				"奇幻片",
				"纪录片",
				"体育赛事",
				"动漫",
				"动画片",
				"日本动漫",
				"欧美动漫",
				"欧美剧",
				"韩剧",
				"日剧",
				"马泰剧",
				"台湾剧",
				"综艺",
				"大陆综艺",
				"日韩综艺",
				"港台综艺",
				"欧美综艺"
			]
		},
		{
			"key": "drpy_哔哩直播",
			"name": "🦜哔哩┃直播",
			"type": 3,
			"playerType": 1,
			"api": "./lib/drpy2.min.js",
			"ext": "./lib/哔哩直播.js"
		},
		{
			"key": "drpy_斗鱼直播",
			"name": "🐬斗鱼┃直播",
			"type": 3,
			"api": "./lib/drpy2.min.js",
			"ext": "./lib/斗鱼直播.js"
		},
		{
			"key": "drpy_虎牙直播",
			"name": "🐯虎牙┃直播",
			"type": 3,
			"api": "./lib/drpy2.min.js",
			"ext": "./lib/虎牙直播.js"
		},
		{
			"key": "drpy_酷6",
			"name": "📣酷流┃媒体",
			"type": 3,
			"api": "./lib/drpy2.min.js",
			"ext": "./lib/酷6网.js"
		},
		{
			"key": " XYQH_dj音乐",
			"name": "💃DJ┃摇摆吧",
			"type": 3,
			"api": "csp_XYQHiker",
			"ext": "./lib/DJ呦呦.json"
		},
		{
			"key": " drpy_a8mv",
			"name": "📯A8┃MV",
			"type": 3,
			"api": "./lib/drpy2.min.js",
			"ext": "./lib/A8音乐.js"
		},
		{
			"key": " drpy_酷奇",
			"name": "📀酷奇┃MV",
			"type": 3,
			"api": "./lib/drpy2.min.js",
			"ext": "./lib/酷奇MV.js"
		},
		{
			"key": " drpy_武享吧",
			"name": "🤼‍♂️武享┃秀秀",
			"type": 3,
			"api": "./lib/drpy2.min.js",
			"ext": "./lib/武享吧.js"
		},
		{
			"key": " drpy_88看球",
			"name": "⚽888┃看球",
			"type": 3,
			"api": "./lib/drpy2.min.js",
			"ext": "./lib/88看球.js"
		},
		{
			"key": " XYQH_童趣",
			"name": "🧒少儿┃童趣",
			"type": 3,
			"api": "csp_XYQHiker",
			"ext": "./lib/童趣.json"
		},
		{
			"key": " XYQH_兔小贝",
			"name": "👶儿童┃启蒙",
			"type": 3,
			"api": "csp_XYQHiker",
			"ext": "./lib/兔小贝.json"
		},
		{
			"key": " XYQH_小说吧",
			"name": "📢有声┃听书",
			"type": 3,
			"api": "csp_XYQHiker",
			"ext": "./lib/有声小说吧.json"
		},
		{
			"key": " drpy_蜻蜓fm",
			"name": "📻蜻蜓┃FM",
			"type": 3,
			"api": "./lib/drpy2.min.js",
			"ext": "./lib/蜻蜓FM.js"
		},
		{
			"key": "push_agent",
			"name": "📤视频┃推送",
			"type": 3,
			"api": "csp_PushAgent",
			"searchable": 0,
			"changeable": 0,
			"timeout": 60
		},
		{
			"key": "本地",
			"name": "💻不得违法使用┃仅供学习",
			"type": 3,
			"api": "csp_LocalFile",
			"searchable": 0,
			"changeable": 0
		},
		{
			"key": "随缘测试也随意删除",
			"name": "🛫测试┃不得商业用途",
			"type": 0,
			"api": "",
			"searchable": 0,
			"quickSearch": 0,
			"filterable": 0
		}
	],
	"parses": [
		{
			"name": "🌎聚合",
			"type": 3,
			"url": "Demo"
		},
		{
			"name": "🌐Web",
			"type": 3,
			"url": "Web"
		},
		{
			"name": "🌐777",
			"type": 0,
			"url": "https://jx.777jiexi.com/player/?url=",
			"ext": {
				"flag": [
					"爱奇艺",
					"奇艺",
					"qq",
					"腾讯",
					"youku",
					"优酷",
					"pptv",
					"PPTV",
					"letv",
					"乐视",
					"imgo",
					"leshi",
					"bilibili",
					"哔哩哔哩",
					"哔哩",
					"mgtv",
					"芒果",
					"芒果"
				],
				"header": {
					"User-Agent": "okhttp/3.12.0"
				}
			}
		},
		{
			"name": "🌐左岸",
			"type": 0,
			"url": "https://jx.jsonplayer.com/player/?url=",
			"ext": {
				"flag": [
					"爱奇艺",
					"奇艺",
					"qq",
					"腾讯",
					"youku",
					"优酷",
					"pptv",
					"PPTV",
					"letv",
					"乐视",
					"imgo",
					"leshi",
					"bilibili",
					"哔哩哔哩",
					"哔哩",
					"mgtv",
					"芒果",
					"芒果"
				],
				"header": {
					"User-Agent": "okhttp/3.12.0"
				}
			}
		},
		{
			"name": "🌐yang",
			"type": 0,
			"url": "https://jx.yangtu.top/?url=",
			"ext": {
				"flag": [
					"爱奇艺",
					"奇艺",
					"qq",
					"腾讯",
					"youku",
					"优酷",
					"pptv",
					"PPTV",
					"letv",
					"乐视",
					"imgo",
					"leshi",
					"bilibili",
					"哔哩哔哩",
					"哔哩",
					"mgtv",
					"芒果",
					"芒果"
				],
				"header": {
					"User-Agent": "okhttp/3.12.0"
				}
			}
		},
		{
			"name": "🌐xmflv",
			"type": 0,
			"url": "https://jx.xmflv.com/?url=",
			"ext": {
				"flag": [
					"爱奇艺",
					"奇艺",
					"qq",
					"腾讯",
					"youku",
					"优酷",
					"pptv",
					"PPTV",
					"letv",
					"乐视",
					"imgo",
					"leshi",
					"bilibili",
					"哔哩哔哩",
					"哔哩",
					"mgtv",
					"芒果",
					"芒果"
				],
				"header": {
					"User-Agent": "okhttp/3.12.0"
				}
			}
		},
		{
			"name": "🌎壹壹",
			"type": 1,
			"url": "https://jxjson.sc1080.top?url=",
			"ext": {
				"flag": [
					"爱奇艺",
					"奇艺",
					"qq",
					"腾讯",
					"youku",
					"优酷",
					"pptv",
					"PPTV",
					"letv",
					"乐视",
					"imgo",
					"leshi",
					"bilibili",
					"哔哩哔哩",
					"哔哩",
					"mgtv",
					"芒果",
					"芒果"
				],
				"header": {
					"User-Agent": "okhttp/3.12.0"
				}
			}
		},
		{
			"name": "🌎贰贰",
			"type": 1,
			"url": "https://110.42.2.247:9090/player/?url=",
			"ext": {
				"flag": [
					"seven"
				],
				"header": {
					"User-Agent": "okhttp/4.1.0"
				}
			}
		},
		{
			"name": "🌎叁叁",
			"type": 1,
			"url": "http://103..40.246.5:6881/jsonon/?url=",
			"ext": {
				"flag": [
					"爱奇艺",
					"奇艺",
					"qq",
					"腾讯",
					"youku",
					"优酷",
					"pptv",
					"PPTV",
					"letv",
					"乐视",
					"leshi",
					"bilibili",
					"哔哩哔哩",
					"哔哩",
					"mgtv",
					"芒果",
					"芒果"
				],
				"header": {
					"User-Agent": "okhttp/4.1.0"
				}
			}
		},
		{
			"name": "🌎方方",
			"type": 1,
			"url": "http://llyh.xn--yi7aa.top/api/?key=fc82dde9869c739e362a0b6fceb2195b&url=",
			"ext": {
				"flag": [
					"qiyi",
					"imgo",
					"爱奇艺",
					"奇艺",
					"qq",
					"腾讯",
					"youku",
					"优酷",
					"pptv",
					"PPTV",
					"letv",
					"乐视",
					"leshi",
					"bilibili",
					"哔哩哔哩",
					"哔哩",
					"mgtv",
					"芒果",
					"sohu",
					"xigua",
					"fun",
					"风行"
				],
				"header": {
					"User-Agent": "Mozilla/5.0"
				}
			},
			"header": {
				"User-Agent": "Mozilla/5.0"
			}
		},
		{
			"name": "🌎圆圆",
			"type": 1,
			"url": "http://121.62.61.51:6888/api/?key=eIQ9JzXVIzkY3ZSoEZ&url=",
			"ext": {
				"flag": [
					"qiyi",
					"imgo",
					"爱奇艺",
					"奇艺",
					"qq",
					"腾讯",
					"youku",
					"优酷",
					"pptv",
					"PPTV",
					"letv",
					"乐视",
					"leshi",
					"bilibili",
					"哔哩哔哩",
					"哔哩",
					"mgtv",
					"芒果",
					"sohu",
					"xigua",
					"fun",
					"风行"
				],
				"header": {
					"User-Agent": "Mozilla/5.0"
				}
			},
			"header": {
				"User-Agent": "Mozilla/5.0"
			}
		},
		{
			"name": "🌎周周",
			"type": 1,
			"url": "http://119.91.123.253:2345/Api/yun.php?url=",
			"ext": {
				"flag": [
					"qiyi",
					"imgo",
					"爱奇艺",
					"奇艺",
					"qq",
					"腾讯",
					"youku",
					"优酷",
					"pptv",
					"PPTV",
					"letv",
					"乐视",
					"leshi",
					"bilibili",
					"哔哩哔哩",
					"哔哩",
					"mgtv",
					"芒果",
					"sohu",
					"xigua",
					"fun",
					"风行"
				],
				"header": {
					"User-Agent": "Mozilla/5.0"
				}
			},
			"header": {
				"User-Agent": "Mozilla/5.0"
			}
		},
		{
			"name": "🌎长长",
			"type": 1,
			"url": "html|https://json.bbbzd.cn/api/?key=c7da96d160aa81a738954a525644a171&url=",
			"ext": {
				"flag": [
					"qiyi",
					"imgo",
					"爱奇艺",
					"奇艺",
					"qq",
					"腾讯",
					"youku",
					"优酷",
					"pptv",
					"PPTV",
					"letv",
					"乐视",
					"leshi",
					"bilibili",
					"哔哩哔哩",
					"哔哩",
					"mgtv",
					"芒果",
					"sohu",
					"xigua",
					"fun",
					"风行"
				],
				"header": {
					"User-Agent": "Mozilla/5.0"
				}
			},
			"header": {
				"User-Agent": "Mozilla/5.0"
			}
		},
		{
			"name": "🌎撸撸",
			"type": 1,
			"url": "http://111.229.65.161/za.php?url=",
			"ext": {
				"flag": [
					"qiyi",
					"imgo",
					"爱奇艺",
					"奇艺",
					"qq",
					"腾讯",
					"youku",
					"优酷",
					"pptv",
					"PPTV",
					"letv",
					"乐视",
					"leshi",
					"bilibili",
					"哔哩哔哩",
					"哔哩",
					"mgtv",
					"芒果",
					"sohu",
					"xigua",
					"fun",
					"风行"
				],
				"header": {
					"User-Agent": "Mozilla/5.0"
				}
			},
			"header": {
				"User-Agent": "Mozilla/5.0"
			}
		},
		{
			"name": "🌎串串",
			"type": 1,
			"url": "http://122.228.84.103:7777/api/?key=DxOBAHSjK87borWuiD&url=",
			"ext": {
				"flag": [
					"qiyi",
					"imgo",
					"爱奇艺",
					"奇艺",
					"qq",
					"腾讯",
					"youku",
					"优酷",
					"pptv",
					"PPTV",
					"letv",
					"乐视",
					"leshi",
					"bilibili",
					"哔哩哔哩",
					"哔哩",
					"mgtv",
					"芒果",
					"sohu",
					"xigua",
					"fun",
					"风行"
				],
				"header": {
					"User-Agent": "Mozilla/5.0"
				}
			},
			"header": {
				"User-Agent": "Mozilla/5.0"
			}
		},
		{
			"name": "🌎随随",
			"type": 1,
			"url": "http://110.42.2.247:880/analysis/json/?uid=2334&my=fhloqstzDIKLMORTZ9&url=",
			"ext": {
				"flag": [
					"qiyi",
					"imgo",
					"爱奇艺",
					"奇艺",
					"qq",
					"腾讯",
					"youku",
					"优酷",
					"pptv",
					"PPTV",
					"letv",
					"乐视",
					"leshi",
					"bilibili",
					"哔哩哔哩",
					"哔哩",
					"mgtv",
					"芒果",
					"sohu",
					"xigua",
					"fun",
					"风行"
				],
				"header": {
					"User-Agent": "Mozilla/5.0"
				}
			},
			"header": {
				"User-Agent": "Mozilla/5.0"
			}
		},
		{
			"name": "🌎便便",
			"type": 1,
			"url": "http://skapp.shijie.chat/sk-api/vod/skjson?url=",
			"ext": {
				"flag": [
					"qiyi",
					"imgo",
					"爱奇艺",
					"奇艺",
					"qq",
					"腾讯",
					"youku",
					"优酷",
					"pptv",
					"PPTV",
					"letv",
					"乐视",
					"leshi",
					"bilibili",
					"哔哩哔哩",
					"哔哩",
					"mgtv",
					"芒果",
					"sohu",
					"xigua",
					"fun",
					"风行"
				],
				"header": {
					"User-Agent": "Mozilla/5.0"
				}
			},
			"header": {
				"User-Agent": "Mozilla/5.0"
			}
		},
		{
			"name": "🌎轻轻",
			"type": 1,
			"url": "http://111.229.65.161/za.php?url=",
			"ext": {
				"flag": [
					"qiyi",
					"imgo",
					"爱奇艺",
					"奇艺",
					"qq",
					"腾讯",
					"youku",
					"优酷",
					"pptv",
					"PPTV",
					"letv",
					"乐视",
					"leshi",
					"bilibili",
					"哔哩哔哩",
					"哔哩",
					"mgtv",
					"芒果",
					"sohu",
					"xigua",
					"fun",
					"风行"
				],
				"header": {
					"User-Agent": "Mozilla/5.0"
				}
			},
			"header": {
				"User-Agent": "Mozilla/5.0"
			}
		},
		{
			"name": "🌎松松",
			"type": 1,
			"url": "http://124.223.202.12:8080/nby/m3u8/getM3u8?name=jx.91by.top&time=1713476994404&url=",
			"ext": {
				"flag": [
					"qiyi",
					"imgo",
					"爱奇艺",
					"奇艺",
					"qq",
					"腾讯",
					"youku",
					"优酷",
					"pptv",
					"PPTV",
					"letv",
					"乐视",
					"leshi",
					"bilibili",
					"哔哩哔哩",
					"哔哩",
					"mgtv",
					"芒果",
					"sohu",
					"xigua",
					"fun",
					"风行"
				],
				"header": {
					"User-Agent": "Mozilla/5.0"
				}
			},
			"header": {
				"User-Agent": "Mozilla/5.0"
			}
		},
		{
			"name": "🌎正正",
			"type": 1,
			"url": "https://www.nfzj.fun/bfq/FosiPlayer/?url=",
			"ext": {
				"flag": [
					"qiyi",
					"imgo",
					"爱奇艺",
					"奇艺",
					"qq",
					"腾讯",
					"youku",
					"优酷",
					"pptv",
					"PPTV",
					"letv",
					"乐视",
					"leshi",
					"bilibili",
					"哔哩哔哩",
					"哔哩",
					"mgtv",
					"芒果",
					"sohu",
					"xigua",
					"fun",
					"风行"
				],
				"header": {
					"User-Agent": "Mozilla/5.0"
				}
			},
			"header": {
				"User-Agent": "Mozilla/5.0"
			}
		},
		{
			"name": "🌎虾虾",
			"type": 1,
			"url": "https://qp.ho7k.com/m78/jiemi.php?url=",
			"ext": {
				"flag": [
					"qiyi",
					"imgo",
					"爱奇艺",
					"奇艺",
					"qq",
					"腾讯",
					"youku",
					"优酷",
					"pptv",
					"PPTV",
					"letv",
					"乐视",
					"leshi",
					"bilibili",
					"哔哩哔哩",
					"哔哩",
					"mgtv",
					"芒果",
					"sohu",
					"xigua",
					"fun",
					"风行"
				],
				"header": {
					"User-Agent": "Mozilla/5.0"
				}
			},
			"header": {
				"User-Agent": "Mozilla/5.0"
			}
		},
		{
			"name": "🌎涩涩",
			"type": 1,
			"url": "http://110.42.7.182:880/api/?key=f2ba0bc726e01d16a454c5fdc80e0e75&url=",
			"ext": {
				"flag": [
					"qiyi",
					"imgo",
					"爱奇艺",
					"奇艺",
					"qq",
					"腾讯",
					"youku",
					"优酷",
					"pptv",
					"PPTV",
					"letv",
					"乐视",
					"leshi",
					"bilibili",
					"哔哩哔哩",
					"哔哩",
					"mgtv",
					"芒果",
					"sohu",
					"xigua",
					"fun",
					"风行"
				],
				"header": {
					"User-Agent": "Mozilla/5.0"
				}
			},
			"header": {
				"User-Agent": "Mozilla/5.0"
			}
		},
		{
			"name": "🌎柒柒",
			"type": 1,
			"url": "https://api.tyun77.cn/api.php/provide/parseDicturl?url=",
			"ext": {
				"flag": [
					"爱奇艺",
					"奇艺",
					"qq",
					"腾讯",
					"youku",
					"优酷",
					"pptv",
					"PPTV",
					"letv",
					"乐视",
					"imgo",
					"leshi",
					"bilibili",
					"哔哩哔哩",
					"哔哩",
					"mgtv",
					"芒果",
					"芒果"
				],
				"header": {
					"User-Agent": "Mozilla/5.0"
				}
			},
			"header": {
				"User-Agent": "Mozilla/5.0"
			}
		}
	],
	"flags": [
		"youku",
		"qq",
		"iqiyi",
		"qiyi",
		"letv",
		"sohu",
		"tudou",
		"pptv",
		"mgtv",
		"wasu"
	],
	"spider": "./XBQH.jar;md5;3ec42e286452fc6c253ffe064eba6eaf",
	"wallpaper": "http://www.kf666888.cn/api/tvbox/img",
	"lives": [
		{
			"name": "直播②",
			"type": 0,
			"playerType": 1,
			"url": "https://gitcode.net/MZ011/BHJK/-/raw/master/FMzb.txt",
			"epg": "http://epg.112114.xyz/?ch={name}&date={date}",
			"logo": "https://epg.112114.xyz/logo/{name}.png"
		},
		{
			"name": "直播①",
			"type": 0,
			"playerType": 1,
			"url": "https://gitcode.net/MZ011/BHJK/-/raw/master/WORJ.txt",
			"epg": "http://epg.112114.xyz/?ch={name}&date={date}",
			"logo": "https://epg.112114.xyz/logo/{name}.png"
		}
	],
	"doh": [
		{
			"name": "Google",
			"url": "https://dns.google/dns-query",
			"ips": [
				"8.8.4.4",
				"8.8.8.8"
			]
		},
		{
			"name": "Cloudflare",
			"url": "https://cloudflare-dns.com/dns-query",
			"ips": [
				"1.1.1.1",
				"1.0.0.1",
				"2606:4700:4700::1111",
				"2606:4700:4700::1001"
			]
		},
		{
			"name": "AdGuard",
			"url": "https://dns.adguard.com/dns-query",
			"ips": [
				"94.140.14.140",
				"94.140.14.141"
			]
		},
		{
			"name": "DNSWatch",
			"url": "https://resolver2.dns.watch/dns-query",
			"ips": [
				"84.200.69.80",
				"84.200.70.40"
			]
		},
		{
			"name": "Quad9",
			"url": "https://dns.quad9.net/dns-quer",
			"ips": [
				"9.9.9.9",
				"149.112.112.112"
			]
		}
	],
	"rules": [
		{
			"name": "proxy",
			"hosts": [
				"raw.githubusercontent.com",
				"googlevideo.com",
				"cdn.v82u1l.com",
				"cdn.iz8qkg.com",
				"cdn.kin6c1.com",
				"c.biggggg.com",
				"c.olddddd.com",
				"haiwaikan.com",
				"www.histar.tv",
				"youtube.com",
				"uhibo.com",
				".*boku.*",
				".*nivod.*",
				".*ulivetv.*"
			]
		},
		{
			"name": "海看",
			"hosts": [
				"haiwaikan"
			],
			"regex": [
				"10.0099",
				"10.3333",
				"16.0599",
				"8.1748",
				"12.33",
				"10.85"
			]
		},
		{
			"name": "索尼",
			"hosts": [
				"suonizy"
			],
			"regex": [
				"15.1666",
				"15.2666"
			]
		},
		{
			"name": "暴風",
			"hosts": [
				"bfzy"
			],
			"regex": [
				"#EXT-X-DISCONTINUITY\\r*\\n*#EXTINF:3,[\\s\\S]*?#EXT-X-DISCONTINUITY"
			]
		},
		{
			"name": "星星",
			"hosts": [
				"aws.ulivetv.net"
			],
			"regex": [
				"#EXT-X-DISCONTINUITY\\r*\\n*#EXTINF:8,[\\s\\S]*?#EXT-X-DISCONTINUITY"
			]
		},
		{
			"name": "量子",
			"hosts": [
				"vip.lz",
				"hd.lz",
				"v.cdnlz"
			],
			"regex": [
				"18.5333"
			]
		},
		{
			"name": "非凡",
			"hosts": [
				"vip.ffzy",
				"hd.ffzy"
			],
			"regex": [
				"25.0666",
				"25.08",
				"20.52"
			]
		},
		{
			"name": "火山嗅探",
			"hosts": [
				"huoshan.com"
			],
			"regex": [
				"item_id="
			]
		},
		{
			"name": "抖音嗅探",
			"hosts": [
				"douyin.com"
			],
			"regex": [
				"is_play_url="
			]
		},
		{
			"name": "農民嗅探",
			"hosts": [
				"toutiaovod.com"
			],
			"regex": [
				"video/tos/cn"
			]
		},
		{
			"name": "七新嗅探",
			"hosts": [
				"api.52wyb.com"
			],
			"regex": [
				"m3u8?pt=m3u8"
			]
		},
		{
			"name": "快看,ik资源,le资源,乐视云",
			"hosts": [
				"kuaikan",
				"ikzybf",
				"ylbf1",
				"leshiyuncdn"
			],
			"regex": [
				"#EXT-X-DISCONTINUITY\\r*\\n*((?!#EXT-X-DISCONTINUITY)[\\s\\S])*?#EXT-X-KEY:METHOD((?!#EXT-X-DISCONTINUITY)[\\s\\S])*?#EXT-X-DISCONTINUITY"
			]
		},
		{
			"name": "极速",
			"hosts": [
				"jszy"
			],
			"regex": [
				"#EXT-X-DISCONTINUITY\\r*\\n*[\\s\\S]*?#EXT-X-DISCONTINUITY"
			]
		},
		{
			"name": "點擊",
			"hosts": [
				"api.cnmcom.com"
			],
			"script": [
				"document.getElementsByClassName(\"line\")[0].onclick()"
			]
		},
		{
			"name": "毛驢點擊",
			"hosts": [
				"www.maolvys.com"
			],
			"script": [
				"document.getElementsByClassName('swal-button swal-button--confirm')[0].click()"
			]
		}
	],
	"ijk": [
		{
			"group": "软解码",
			"options": [
				{
					"category": 4,
					"name": "opensles",
					"value": "0"
				},
				{
					"category": 1,
					"name": "fflags",
					"value": "fastseek"
				},
				{
					"category": 4,
					"name": "framedrop",
					"value": "1"
				},
				{
					"category": 4,
					"name": "enable-accurate-seek",
					"value": "0"
				},
				{
					"category": 4,
					"name": "start-on-prepared",
					"value": "1"
				},
				{
					"category": 1,
					"name": "http-detect-range-support",
					"value": "0"
				},
				{
					"category": 4,
					"name": "mediacodec-handle-resolution-change",
					"value": "0"
				},
				{
					"category": 2,
					"name": "skip_loop_filter",
					"value": "48"
				},
				{
					"category": 4,
					"name": "reconnect",
					"value": "1"
				},
				{
					"category": 4,
					"name": "overlay-format",
					"value": "842225234"
				},
				{
					"category": 4,
					"name": "mediacodec",
					"value": "0"
				},
				{
					"category": 4,
					"name": "mediacodec-auto-rotate",
					"value": "0"
				},
				{
					"category": 4,
					"name": "soundtouch",
					"value": "1"
				},
				{
					"category": 4,
					"name": "mediacodec-hevc",
					"value": "0"
				},
				{
					"category": 1,
					"name": "dns_cache_timeout",
					"value": "600000000"
				}
			]
		},
		{
			"group": "硬解码",
			"options": [
				{
					"category": 4,
					"name": "opensles",
					"value": "0"
				},
				{
					"category": 1,
					"name": "fflags",
					"value": "fastseek"
				},
				{
					"category": 4,
					"name": "framedrop",
					"value": "1"
				},
				{
					"category": 4,
					"name": "enable-accurate-seek",
					"value": "0"
				},
				{
					"category": 4,
					"name": "start-on-prepared",
					"value": "1"
				},
				{
					"category": 1,
					"name": "http-detect-range-support",
					"value": "0"
				},
				{
					"category": 4,
					"name": "mediacodec-handle-resolution-change",
					"value": "1"
				},
				{
					"category": 2,
					"name": "skip_loop_filter",
					"value": "48"
				},
				{
					"category": 4,
					"name": "reconnect",
					"value": "1"
				},
				{
					"category": 4,
					"name": "overlay-format",
					"value": "842225234"
				},
				{
					"category": 4,
					"name": "mediacodec",
					"value": "1"
				},
				{
					"category": 4,
					"name": "mediacodec-auto-rotate",
					"value": "1"
				},
				{
					"category": 4,
					"name": "soundtouch",
					"value": "1"
				},
				{
					"category": 4,
					"name": "mediacodec-hevc",
					"value": "1"
				},
				{
					"category": 1,
					"name": "dns_cache_timeout",
					"value": "600000000"
				}
			]
		}
	],
	"ads": [
		"static-mozai.4gtv.tv"
	]
}