{
	"wallpaper": "http://饭太硬.top/深色壁纸/api.php",
	"warningText": "资源来自网络，所有内容仅供学习使用，请勿用于违法及商业用途，请勿付费购买。",
	"sites": [
		{
			"key": "新6V",
			"name": "公众号：蓝天日记",
			"type": 3,
			"api": "csp_SixV",
			"searchable": 1,
			"quickSearch": 1,
			"changeable": 0,
			"ext": "http://www.xb6v.com/"
		},
		{
			"key": "UCsousou",
			"name": "🤽‍♂️网盘搜索",
			"type": 3,
			"api": "csp_UuSsGuard",
			"jar": "https://gitee.com/lukei7/lib/raw/Luck/moyui.php",
			"searchable": 1,
			"quickSearch": 1,
			"changeable": 0,
			"ext": {
				"Cloud-drive": "TVBox/Cloud-drive.txt",
				"from": "4k|auto"
			}
		},
		{
			"key": "鲸鱼",
			"name": "♨️鲸鱼资源┃4K弹幕",
			"type": 3,
			"quickSearch": 1,
			"api": "csp_AppQi",
			"jar": "http://我不是.摸鱼儿.com/d/moyuer.php;md5;36456a794b9f6d670931667d79bf8e9c",
			"ext": {
				"url": "",
				"site": "https://gitee.com/lukei7/lib/raw/Luck/1.json",
				"dataKey": "AAdgrdghjfgswerA",
				"dataIv": "AAdgrdghjfgswerA",
				"deviceId": "",
				"version": ""
			}
		},
		{
			"key": "驿站",
			"name": "🌀驿站┃超清┃弹幕",
			"type": 3,
			"quickSearch": 1,
			"api": "csp_AppGet",
			"jar": "http://我不是.摸鱼儿.com/d/moyuer.php;md5;36456a794b9f6d670931667d79bf8e9c",
			"ext": {
				"url": "",
				"site": "https://gitee.com/lukei7/lib/raw/Luck/apiurl.txt",
				"dataKey": "dyyztvapiappyyds",
				"dataIv": "dyyztvapiappyyds",
				"deviceId": "",
				"version": "",
				"ua": ""
			}
		},
		{
			"key": "灵虎",
			"name": "🌀灵虎┃超清┃弹幕",
			"type": 3,
			"quickSearch": 1,
			"api": "csp_AppGet",
			"jar": "http://我不是.摸鱼儿.com/d/moyuer.php;md5;36456a794b9f6d670931667d79bf8e9c",
			"ext": {
				"url": "",
				"site": "https://gitee.com/lukei7/lib/raw/Luck/89.txt",
				"dataKey": "#getapp@TMD@2025",
				"dataIv": "#getapp@TMD@2025",
				"deviceId": "",
				"version": "120"
			}
		},
		{
			"key": "央视经典",
			"name": "📺央视｜经典",
			"type": 3,
			"api": "csp_Bili",
			"searchable": 0,
			"quickSearch": 1,
			"filterable": 1,
			"ext": "https://gitee.com/lukei7/lib/raw/Luck/哔哩经典.json"
		},
		{
			"key": "cctv",
			"name": "📺央视┃大全",
			"type": 3,
			"api": "csp_CCTV",
			"searchable": 0,
			"filterable": 0,
			"ext": "https://gitee.com/lukei7/lib/raw/Luck/央视大全.json",
			"jar": "https://gitee.com/lukei7/lib/raw/Luck/HeChengChaXiu.jar"
		},
		{
			"key": "Lib",
			"name": "🌟立播┃秒播┃纯净",
			"type": 3,
			"api": "csp_Libvio",
			"jar": "https://gitee.com/lukei7/lib/raw/Luck/moyu.jar",
			"searchable": 1,
			"quickSearch": 1,
			"changeable": 1,
			"ext": {
				"Cloud-drive": "TVBox/Cloud-drive.txt",
				"from": "4k|auto"
			}
		},
		{
			"key": "贱贱",
			"name": "🐭荐片┃速览┃纯净",
			"type": 3,
			"api": "csp_JPJGuard",
			"jar": "https://gitee.com/lukei7/k18/raw/Luck/moyu.php",
			"playerType": 2,
			"searchable": 1,
			"quickSearch": 1,
			"changeable": 0
		},
		{
			"key": "alllive",
			"name": "📽️星河共影┃2K直播",
			"type": 3,
			"api": "csp_AllliveGuard",
			"jar": "https://gitee.com/lukei7/k18/raw/Luck/moyu.php",
			"playerType": 2,
			"searchable": 0,
			"quickSearch": 0,
			"changeable": 0
		},
		{
			"key": "原创",
			"name": "☀原创┃不卡┃纯净",
			"type": 3,
			"api": "csp_YCyzGuard",
			"jar": "https://gitee.com/lukei7/k18/raw/Luck/moyu.php",
			"timeout": 15,
			"playerType": 1,
			"searchable": 1,
			"quickSearch": 1,
			"changeable": 1
		},
		{
			"key": "苹果",
			"name": "🍎苹果┃不卡┃纯净",
			"type": 3,
			"api": "csp_LiteAppleGuard",
			"jar": "https://gitee.com/lukei7/k18/raw/Luck/moyu.php",
			"searchable": 1,
			"quickSearch": 1,
			"changeable": 1
		},
		{
			"key": "糯米",
			"name": "🍓糯米┃秒播┃纯净",
			"type": 3,
			"api": "csp_NmyswvGuard",
			"jar": "https://gitee.com/lukei7/k18/raw/Luck/moyu.php",
			"timeout": 15,
			"searchable": 1,
			"quickSearch": 1,
			"changeable": 1
		},
		{
			"key": "文采",
			"name": "💮文采┃秒播┃纯净",
			"type": 3,
			"api": "csp_JpysGuard",
			"jar": "https://gitee.com/lukei7/k18/raw/Luck/moyu.php",
			"playerType": 2,
			"searchable": 1,
			"quickSearch": 1,
			"changeable": 1
		},
		{
			"key": "Lib",
			"name": "🌟立播┃秒播┃纯净",
			"type": 3,
			"api": "csp_LibvioGuard",
			"jar": "https://gitee.com/lukei7/k18/raw/Luck/moyu.php",
			"searchable": 1,
			"quickSearch": 1,
			"changeable": 1,
			"ext": {
				"Cloud-drive": "TVBox/Cloud-drive.txt",
				"from": "4k|auto"
			}
		},
		{
			"key": "DiDuan",
			"name": "低端┃蓝光┃外剧",
			"type": 3,
			"api": "csp_Ddrk",
			"jar": "https://gitee.com/lukei7/lib/raw/Luck/moyu.php",
			"playerType": "2",
			"searchable": 1,
			"quickSearch": 1,
			"changeable": 1
		},
		{
			"key": "小灯塔百科",
			"name": "教育 | 小灯塔百科",
			"type": 3,
			"api": "csp_Bili",
			"searchable": 0,
			"quickSearch": 1,
			"filterable": 1,
			"ext": "https://gitee.com/lukei7/lib/raw/Luck/小灯塔百科.json"
		},
		{
			"key": "小灯塔科学",
			"name": "教育 | 小灯塔科学",
			"type": 3,
			"api": "csp_Bili",
			"searchable": 0,
			"quickSearch": 1,
			"filterable": 1,
			"ext": "https://gitee.com/lukei7/lib/raw/Luck/小灯塔科学.json"
		},
		{
			"key": "小灯塔地理",
			"name": "教育 | 小灯塔地理",
			"type": 3,
			"api": "csp_Bili",
			"searchable": 0,
			"quickSearch": 1,
			"filterable": 1,
			"ext": "https://gitee.com/lukei7/lib/raw/Luck/小灯塔地理.json"
		},
		{
			"key": "小灯塔国学",
			"name": "教育 | 小灯塔国学",
			"type": 3,
			"api": "csp_Bili",
			"searchable": 0,
			"quickSearch": 1,
			"filterable": 1,
			"ext": "https://gitee.com/lukei7/lib/raw/Luck/小灯塔国学.json"
		},
		{
			"key": "小灯塔人文",
			"name": "教育 | 小灯塔人文",
			"type": 3,
			"api": "csp_Bili",
			"searchable": 0,
			"quickSearch": 1,
			"filterable": 1,
			"ext": "https://gitee.com/lukei7/lib/raw/Luck/小灯塔人文.json"
		},
		{
			"key": "幼儿教育",
			"name": "幼小｜教育",
			"type": 3,
			"api": "csp_Bili",
			"searchable": 0,
			"quickSearch": 1,
			"filterable": 1,
			"ext": "https://gitee.com/lukei7/lib/raw/Luck/哔哩幼小.json"
		},
		{
			"key": "少儿教育",
			"name": "📚少儿┃教育",
			"type": 3,
			"api": "csp_Bili",
			"style": {
				"type": "rect",
				"ratio": 1.597
			},
			"searchable": 0,
			"quickSearch": 0,
			"changeable": 0,
			"ext": "https://gitee.com/lukei7/lib/raw/Luck/少儿教育.json"
		},
		{
			"key": "小学课堂",
			"name": "📚小学┃课堂",
			"type": 3,
			"api": "csp_Bili",
			"style": {
				"type": "rect",
				"ratio": 1.597
			},
			"searchable": 0,
			"quickSearch": 0,
			"changeable": 0,
			"ext": "https://gitee.com/lukei7/lib/raw/Luck/小学课堂.json"
		},
		{
			"key": "初中课堂",
			"name": "📚初中┃课堂",
			"type": 3,
			"api": "csp_Bili",
			"style": {
				"type": "rect",
				"ratio": 1.597
			},
			"searchable": 0,
			"quickSearch": 0,
			"changeable": 0,
			"ext": "https://gitee.com/lukei7/lib/raw/Luck/初中课堂.json"
		},
		{
			"key": "高中教育",
			"name": "📚高中┃课堂",
			"type": 3,
			"api": "csp_Bili",
			"style": {
				"type": "rect",
				"ratio": 1.597
			},
			"searchable": 0,
			"quickSearch": 0,
			"changeable": 0,
			"ext": "https://gitee.com/lukei7/lib/raw/Luck/高中课堂.json"
		}
	],
	"parses": [
		{
			"name": "Web聚合",
			"type": 3,
			"url": "Web"
		},
		{
			"name": "OK解析",
			"type": 0,
			"url": "https://jiexi.okzyw.info/m3u8/?url=",
			"ext": {
				"header": {
					"user-agent": "Mozilla/5.0 (Linux; Android 13; V2049A Build/TP1A.220624.014; wv) AppleWebKit/537.36 (KHTML, like Gecko) Version/4.0 Chrome/116.0.0.0 Mobile Safari/537.36",
					"referer": "https://www.xyflv.cc/"
				}
			}
		},
		{
			"name": "-虾米-",
			"type": 0,
			"url": "https://jx.xmflv.com/?url=",
			"ext": {
				"header": {
					"user-agent": "Mozilla/5.0 (Windows NT 10.0; Win64; x64) AppleWebKit/537.36 (KHTML, like Gecko) Chrome/110.0.0.0 Safari/537.36 Edg/110.0.1587.57"
				}
			}
		},
		{
			"name": "-爱酷-",
			"type": 0,
			"url": "https://jx.zhanlangbu.com/?url=",
			"ext": {
				"flag": [
					"qq",
					"腾讯",
					"qiyi",
					"爱奇艺",
					"奇艺",
					"youku",
					"优酷",
					"mgtv",
					"芒果",
					"letv",
					"乐视",
					"pptv",
					"PPTV",
					"sohu",
					"bilibili",
					"哔哩哔哩",
					"哔哩"
				],
				"ext": {
					"header": {
						"user-agent": "Mozilla/5.0 (Linux; Android 13; V2049A Build/TP1A.220624.014; wv) AppleWebKit/537.36 (KHTML, like Gecko) Version/4.0 Chrome/116.0.0.0 Mobile Safari/537.36"
					}
				}
			}
		},
		{
			"name": "-云解析-",
			"type": 0,
			"url": "https://jx.yparse.com/index.php?url=",
			"ext": {
				"header": {
					"user-agent": "Mozilla/5.0 (Linux; Android 13; V2049A Build/TP1A.220624.014; wv) AppleWebKit/537.36 (KHTML, like Gecko) Version/4.0 Chrome/116.0.0.0 Mobile Safari/537.36"
				}
			}
		},
		{
			"name": "-777-",
			"type": 0,
			"url": "https://jx.jsonplayer.com/player/?url=",
			"ext": {
				"header": {
					"user-agent": "Mozilla/5.0 (Linux; Android 13; V2049A Build/TP1A.220624.014; wv) AppleWebKit/537.36 (KHTML, like Gecko) Version/4.0 Chrome/116.0.0.0 Mobile Safari/537.36"
				}
			}
		},
		{
			"name": "-剖云-",
			"type": 0,
			"url": "https://www.kkvip2022.com/vip/jiexi1/?url=",
			"ext": {
				"header": {
					"user-agent": "Mozilla/5.0 (Linux; Android 13; V2049A Build/TP1A.220624.014; wv) AppleWebKit/537.36 (KHTML, like Gecko) Version/4.0 Chrome/116.0.0.0 Mobile Safari/537.36"
				}
			}
		},
		{
			"name": "-全看-",
			"type": 0,
			"url": "https://jx.quankan.app/?url=",
			"ext": {
				"header": {
					"user-agent": "Mozilla/5.0 (Linux; Android 13; V2049A Build/TP1A.220624.014; wv) AppleWebKit/537.36 (KHTML, like Gecko) Version/4.0 Chrome/116.0.0.0 Mobile Safari/537.36"
				}
			}
		},
		{
			"name": "观音解析",
			"type": 1,
			"url": "http://61.147.93.21:8090/index.php?url=",
			"ext": {
				"flag": [
					"qq",
					"腾讯",
					"企鹅",
					"IQiYi",
					"qiyi",
					"爱奇艺",
					"奇艺",
					"youku",
					"YouKu",
					"优酷",
					"sohu",
					"SoHu",
					"搜狐",
					"letv",
					"LeShi",
					"乐视",
					"imgo",
					"mgtv",
					"MangGuo",
					"芒果",
					"SLYS4k",
					"BYGA",
					"luanzi",
					"AliS",
					"dxzy",
					"bilibili",
					"QEYSS",
					"xigua",
					"西瓜视频",
					"腾讯视频",
					"奇艺视频",
					"优酷视频",
					"芒果视频",
					"乐视视频"
				]
			}
		},
		{
			"name": "茶杯解析",
			"type": 1,
			"url": "http://110.42.2.247:880/analysis/json/?uid=2449&my=acfgikquvzFGJRW459&url=",
			"ext": {
				"flag": [
					"qq",
					"腾讯",
					"企鹅",
					"IQiYi",
					"qiyi",
					"爱奇艺",
					"奇艺",
					"youku",
					"YouKu",
					"优酷",
					"sohu",
					"SoHu",
					"搜狐",
					"letv",
					"LeShi",
					"乐视",
					"imgo",
					"mgtv",
					"MangGuo",
					"芒果",
					"SLYS4k",
					"BYGA",
					"luanzi",
					"AliS",
					"dxzy",
					"bilibili",
					"QEYSS",
					"xigua",
					"西瓜视频",
					"腾讯视频",
					"奇艺视频",
					"优酷视频",
					"芒果视频",
					"乐视视频"
				]
			}
		},
		{
			"name": "盖碗解析",
			"type": 1,
			"url": "http://119.91.123.253:1234/Api/cs.php?url=2449&my=acfgikquvzFGJRW459&url=",
			"ext": {
				"flag": [
					"qiyi",
					"爱奇艺",
					"奇艺",
					"youku",
					"优酷",
					"mgtv",
					"芒果",
					"letv",
					"乐视",
					"pptv",
					"PPTV",
					"sohu",
					"xigua",
					"bilibili",
					"哔哩哔哩",
					"哔哩"
				],
				"header": {
					"User-Agent": "okhttp/4.1.0"
				}
			}
		},
		{
			"name": "白茶嗅探",
			"url": "https://jx.bozrc.com:4433/player/?url=",
			"showType": 1
		},
		{
			"name": "滇红嗅探",
			"type": 0,
			"url": "https://jx.777jiexi.com/player/?url="
		},
		{
			"name": "毛尖嗅探",
			"type": 0,
			"url": "https://jx.bozrc.com:4433/player/?url=",
			"ext": {
				"header": {
					"User-Agent": "okhttp/4.1.0"
				},
				"flag": [
					"qq",
					"腾讯",
					"qiyi",
					"爱奇艺",
					"奇艺",
					"youku",
					"优酷",
					"mgtv",
					"芒果",
					"letv",
					"leshi",
					"LS",
					"乐视",
					"pptv",
					"PPTV",
					"sohu",
					"bilibili",
					"哔哩哔哩",
					"哔哩"
				]
			}
		},
		{
			"name": "青柑嗅探",
			"type": 0,
			"url": "http://www.miaoys.cc/vip/?url="
		},
		{
			"name": "岩茶嗅探",
			"type": 0,
			"url": "https://jx.ppjbk.cn/?url=",
			"ext": {
				"header": {
					"User-Agent": "Mozilla/5.0"
				}
			}
		},
		{
			"name": "小种嗅探",
			"type": 0,
			"url": "https://jx.jsonplayer.com/player/?url="
		},
		{
			"name": "-爱豆-",
			"type": 0,
			"url": "https://jx.aidouer.net/?url=",
			"ext": {
				"header": {
					"user-agent": "Mozilla/5.0 (Linux; Android 13; V2049A Build/TP1A.220624.014; wv) AppleWebKit/537.36 (KHTML, like Gecko) Version/4.0 Chrome/116.0.0.0 Mobile Safari/537.36",
					"referer": "https://jiejie.uk/"
				}
			}
		}
	],
	"flags": [
		"youku",
		"qq",
		"QQ",
		"iqiyi",
		"qiyi",
		"letv",
		"sohu",
		"tudou",
		"pptv",
		"PPTV",
		"mgtv",
		"ltnb",
		"rx",
		"SLYS4k",
		"BYGA",
		"BYGB",
		"luanzi",
		"dxzy",
		"QEYSS",
		"aliyun",
		"AliS",
		"122",
		"chuangying",
		"CL4K",
		"xfyun",
		"wuduzy",
		"wasu",
		"bilibili",
		"kuying -you",
		"YuMi-vip",
		"douyin",
		"renrenmi",
		"xmm",
		"xigua",
		"m1905",
		"funshion",
		"优酷",
		"芒果",
		"腾讯",
		"爱奇艺",
		"奇艺",
		"哔哩哔哩",
		"哔哩",
		"西瓜视频",
		"腾讯视频",
		"奇艺视频",
		"优酷视频",
		"芒果视频",
		"乐视视频"
	],
	"rules": [
		{
			"host": "*",
			"rule": [
				"default.365yg.com"
			]
		},
		{
			"host": "dyxs20.com",
			"rule": [
				".m3u8"
			]
		},
		{
			"host": "www.agemys.cc",
			"rule": [
				"cdn-tos",
				"obj/tos-cn"
			]
		},
		{
			"host": "zjmiao.com",
			"rule": [
				"play.videomiao.vip/API.php",
				"time="
			]
		},
		{
			"host": "www.sharenice.net",
			"rule": [
				"http.*?/play.{0,3}\\?[^url]{2,8}=.*"
			]
		},
		{
			"host": "www.sharenice.net",
			"rule": [
				"qianpailive.com",
				"vid="
			]
		},
		{
			"host": "*",
			"rule": [
				"douyin.com/aweme",
				"video_id="
			]
		},
		{
			"host": "*",
			"rule": [
				"huoshan.com",
				"/item/video/"
			]
		},
		{
			"host": "*",
			"rule": [
				"http((?!http).){12,}?\\.(m3u8|mp4|flv|avi|mkv|rm|wmv|mpg|m4a)\\?.*"
			]
		},
		{
			"host": "*",
			"rule": [
				"http((?!http).){12,}\\.(m3u8|mp4|flv|avi|mkv|rm|wmv|mpg|m4a)"
			]
		}
	],
	"lives": [
		{
			"name": "sao0",
			"type": 0,
			"url": "https://gh.xxooo.cf/https://raw.githubusercontent.com/Guovin/iptv-api/gd/output/result.m3u",
			"playerType": 1,
			"ua": "okhttp/3.15",
			"epg": "http://epg.112114.xyz/?ch={name}&date={date}",
			"logo": "https://epg.112114.xyz/logo/{name}.png"
		},
		{
			"name": "ipv6",
			"type": 0,
			"url": "https://gh.xxooo.cf/https://raw.githubusercontent.com/Guovin/iptv-api/gd/output/result.m3u",
			"playerType": 1,
			"ua": "okhttp/3.15",
			"epg": "http://epg.112114.xyz/?ch={name}&date={date}",
			"logo": "https://epg.112114.xyz/logo/{name}.png"
		}
	],
	"spider": "https://gitee.com/lukei7/k18/raw/Luck/Yoursmile.jar;md5;a8b67c6e7ae00f56c43f6946764f0102",
	"ijk": [
		{
			"group": "硬解码",
			"options": [
				{
					"category": 4,
					"name": "opensles",
					"value": "0"
				},
				{
					"category": 4,
					"name": "overlay-format",
					"value": "842225234"
				},
				{
					"category": 4,
					"name": "framedrop",
					"value": "1"
				},
				{
					"category": 4,
					"name": "soundtouch",
					"value": "1"
				},
				{
					"category": 4,
					"name": "start-on-prepared",
					"value": "1"
				},
				{
					"category": 1,
					"name": "http-detect-range-support",
					"value": "0"
				},
				{
					"category": 1,
					"name": "fflags",
					"value": "fastseek"
				},
				{
					"category": 2,
					"name": "skip_loop_filter",
					"value": "48"
				},
				{
					"category": 4,
					"name": "reconnect",
					"value": "1"
				},
				{
					"category": 4,
					"name": "enable-accurate-seek",
					"value": "0"
				},
				{
					"category": 4,
					"name": "mediacodec",
					"value": "1"
				},
				{
					"category": 4,
					"name": "mediacodec-auto-rotate",
					"value": "1"
				},
				{
					"category": 4,
					"name": "mediacodec-handle-resolution-change",
					"value": "1"
				},
				{
					"category": 4,
					"name": "mediacodec-hevc",
					"value": "1"
				},
				{
					"category": 1,
					"name": "dns_cache_timeout",
					"value": "600000000"
				}
			]
		},
		{
			"group": "软解码",
			"options": [
				{
					"category": 4,
					"name": "opensles",
					"value": "0"
				},
				{
					"category": 4,
					"name": "overlay-format",
					"value": "842225234"
				},
				{
					"category": 4,
					"name": "framedrop",
					"value": "1"
				},
				{
					"category": 4,
					"name": "soundtouch",
					"value": "1"
				},
				{
					"category": 4,
					"name": "start-on-prepared",
					"value": "1"
				},
				{
					"category": 1,
					"name": "http-detect-range-support",
					"value": "0"
				},
				{
					"category": 1,
					"name": "fflags",
					"value": "fastseek"
				},
				{
					"category": 2,
					"name": "skip_loop_filter",
					"value": "48"
				},
				{
					"category": 4,
					"name": "reconnect",
					"value": "1"
				},
				{
					"category": 4,
					"name": "enable-accurate-seek",
					"value": "0"
				},
				{
					"category": 4,
					"name": "mediacodec",
					"value": "0"
				},
				{
					"category": 4,
					"name": "mediacodec-auto-rotate",
					"value": "0"
				},
				{
					"category": 4,
					"name": "mediacodec-handle-resolution-change",
					"value": "0"
				},
				{
					"category": 4,
					"name": "mediacodec-hevc",
					"value": "0"
				},
				{
					"category": 1,
					"name": "dns_cache_timeout",
					"value": "600000000"
				}
			]
		}
	],
	"ads": [
		"mimg.0c1q0l.cn",
		"www.googletagmanager.com",
		"www.google-analytics.com",
		"mc.usihnbcq.cn",
		"mg.g1mm3d.cn",
		"mscs.svaeuzh.cn",
		"cnzz.hhttm.top",
		"tp.vinuxhome.com",
		"cnzz.mmstat.com",
		"www.baihuillq.com",
		"s23.cnzz.com",
		"z3.cnzz.com",
		"c.cnzz.com",
		"stj.v1vo.top",
		"z12.cnzz.com",
		"img.mosflower.cn",
		"tips.gamevvip.com",
		"ehwe.yhdtns.com",
		"xdn.cqqc3.com",
		"www.jixunkyy.cn",
		"sp.chemacid.cn",
		"hm.baidu.com",
		"videocdn-znjson.cos.ap-guangzhou.cluod.cn/v9-default-nsdsb",
		"s9.cnzz.com",
		"z6.cnzz.com",
		"um.cavuc.com",
		"mav.mavuz.com",
		"wofwk.aoidf3.com",
		"z5.cnzz.com",
		"xc.hubeijieshikj.cn",
		"tj.tianwenhu.com",
		"xg.gars57.cn",
		"k.jinxiuzhilv.com",
		"cdn.bootcss.com",
		"ppl.xunzhuo123.com",
		"xomk.jiangjunmh.top",
		"img.xunzhuo123.com",
		"z1.cnzz.com",
		"s13.cnzz.com",
		"xg.huataisangao.cn",
		"z7.cnzz.com",
		"xg.huataisangao.cn",
		"z2.cnzz.com",
		"s96.cnzz.com",
		"q11.cnzz.com",
		"thy.dacedsfa.cn",
		"xg.whsbpw.cn",
		"s19.cnzz.com",
		"z8.cnzz.com",
		"s4.cnzz.com",
		"f5w.as12df.top",
		"ae01.alicdn.com",
		"www.92424.cn",
		"k.wudejia.com",
		"vivovip.mmszxc.top",
		"qiu.xixiqiu.com",
		"cdnjs.hnfenxun.com",
		"cms.qdwght.com"
	]
}