{
    "spider": "./lib/fan.txt;md5;dc29a25f7393c2c3aa9187a57f708309",
    "wallpaper": "http://yoyo188.dynv6.net/yoyo/",
    "sites": [
        {
            "key": "豆豆",
            "name": "🥐豆瓣┃推荐",
            "type": 3,
            "api": "csp_DouDou",
            "searchable": 0,
            "quickSearch": 0,
            "filterable": 0
        },
        {
            "key": "畅梦",
            "name": "🍫畅梦┃秒播",
            "type": 3,
            "api": "./lib/apiv402drpy2.min.js",
            "ext": "./lib/changmeng.js"
        },
        {
            "key": "q女优嗯嗯(3)",
            "name": "🦊茶杯狐┃APP",
            "type": 3,
            "api": "csp_XBPQ",
            "jar": "./xyqxbpq.jar",
            "searchable": 1,
            "quickSearch": 1,
            "filterable": 1,
            "ext": "./cbh.json"
        },
        {
            "key": "2400部恐怖电影📲",
            "name": "🎬恐怖｜电影",
            "type": 3,
            "api": "./16.js",
            "ext": "./2400.js"
        },
        {
            "key": "纽约影院",
            "name": "🗽纽约┃影院",
            "type": 3,
            "api": "csp_XBPQ",
            "jar": "./xyqxbpq.jar",
            "ext": {
                "请求头": "User-Agent$MOBILE_UA",
                "编码": "UTF-8",
                "数组": "public-list-exp&&public-list-button",
                "标题": "title=\"&&\"",
                "图片": "data-src=\"&&\"",
                "副标题": "ublic-prt hide ol1\">&&</span>",
                "链接": "href=\"&&\"",
                "线路数组": "<a data-form&&</a >",
                "线路标题": "nbsp;&&<",
                "分类url": "https://www.nycvod.com/vodshow/{cateId}-{area}-{by}-{class}-{lang}-{letter}---{catePg}---{year}.html",
                "分类": "电影$1#电视剧$2#综艺$3#动漫$4#竞技体育$5#短剧$50#纪录片$29#伦理片$8",
                "类型": "动作片$9#喜剧片$10#奇幻片$11#科幻片$12#恐怖片$22#惊悚片$27#悬疑片$23#爱情片$21#战争片$20#剧情片$6#网络电影$24#犯罪片$26#灾难片$7#动画电影$25#冒险片$28#同性片$44#歌舞片$45#经典片$46||国产剧$30#欧美剧$47#日韩剧$18#港台剧$16#新马泰剧$14#其他剧$13||国产综艺$31#日韩综艺$32#欧美综艺$34#港台综艺$35#其他综艺$37||日韩动漫$38#国产动漫$39#欧美动漫$40#港台动漫$42#其他动漫$43||空||空||空||空",
                "剧情": "剧情&喜剧&爱情&恐怖&惊悚&动作&科幻&奇幻&战争&警匪&灾难&犯罪&动画&武侠&冒险&仙侠&家庭&古装&悬疑&伦理&青春&同性&情色&文艺&历史&运动&儿童&传记&经典&西部&短剧&音乐&歌舞&纪录片&网络电影||武侠&古装&战争&悬疑&喜剧&家庭&犯罪&动作&奇幻&剧情&历史&乡村&网剧&仙侠&短剧&穿越&爱情&科幻&同性&运动&歌舞&惊悚&恐怖&冒险&传记&纪录片&其他||曲艺&真人秀&音乐&搞笑&选秀&网综&脱口秀&竞技&情感访谈&演唱会&晚会&儿童&歌舞&运动&历史&爱情&其它||情感&奇幻&热血&推理&搞笑&冒险&萝莉&动作&运动&战争&古装&竞技&历史&惊悚&恐怖&情色&同性&犯罪&爱情&益智&励志&仙侠&武侠&音乐&剧情&动画&悬疑&科幻&喜剧&儿童&家庭&其他||空||逆袭&重生&甜宠&穿越&虐恋&古装&复仇&强者&悬疑&神豪&萌宝&合集||短片&纪录片&真人秀&剧情&悬疑&传记&犯罪&喜剧&战争&音乐&历史&儿童&动画&冒险&家庭||空",
                "剧情值": "*"
            }
        },
        {
            "key": "南瓜",
            "name": "🎃南瓜┃影视",
            "type": 3,
            "api": "csp_NanGua",
            "timeout": 15,
            "playerType": 2,
            "searchable": 1,
            "quickSearch": 1,
            "changeable": 1
        },
        {
            "key": "南瓜q影视",
            "name": "💤南瓜｜APP",
            "type": 3,
            "api": "csp_Nangua",
            "jar": "./lib/spider.jar",
            "searchable": 1,
            "quickSearch": 1,
            "filterable": 1
        },
        {
            "key": "567影院",
            "name": "5️⃣南瓜┃影院",
            "type": 3,
            "api": "csp_XBPQ",
            "jar": "./xyqxbpq.jar",
            "searchable": 1,
            "quickSearch": 1,
            "filterable": 1,
            "ext": {
                "请求头": "User-Agent$MOBILE_UA",
                "编码": "UTF-8",
                "主页url": "https://www.1234y.cc",
                "数组": "link-hover&&</a",
                "标题": "title=\"&&\"",
                "图片": "data-original=\"&&\"",
                "副标题": "other\"><i>&&</i>",
                "链接": "href=\"&&\"",
                "线路数组": "playerico&&li>",
                "线路标题": "</i>&&</",
                "播放数组": "videourl clearfix&&</ul>",
                "播放列表": "<a&&/a>",
                "播放链接": "href=\"&&\"",
                "播放标题": ">&&</a>",
                "简介": "介绍：&&</div>",
                "搜索模式": "1",
                "搜索url": "https://www.1234y.cc/vodsearch/-------------.html?wd={wd}",
                "分类url": "https://www.1234y.cc/vodtype/{cateId}-{catePg}.html",
                "分类": "电影$dianying#连续剧$lianxuju#综艺$综艺#动漫$dongman"
            }
        },
        {
            "key": "贱贱",
            "name": "🎬荐片┃影视",
            "type": 3,
            "searchable": 1,
            "quickSearch": 1,
            "changeable": 1,
            "playerType": "1",
            "api": "./lib/apiv461drpy2.min.js",
            "ext": "./lib/jp.js"
        },
        {
            "key": "碟迷影院",
            "name": "🛸碟迷┃影视",
            "type": 3,
            "api": "csp_XBPQ",
            "jar": "./xyqxbpq.jar",
            "ext": {
                "简介": "id=\"jq-jieshao\">&&</p >",
                "搜索url": "https://www.diemi.cc/search{wd}/page/{pg}/",
                "分类url": "https://www.iidie.com/type-{cateId}-{catePg}/",
                "分类": "电影$dianying#电视剧$dianshiju#综艺$zongyi#动漫$dongman",
                "类型": "动作片$dongzuo#喜剧片$xiju#爱情片$aiqing#科幻片$kehuan#恐怖片$kongbu#战争片$zhanzheng#剧情片$juqing||国产$guochan#韩剧$hanju#港剧$gangju#美剧$meiju#日剧$riju#台剧$taibei#泰剧$taiju#短剧$duanju||空||空"
            }
        },
        {
            "key": "泰剧看看",
            "name": "🇹🇭泰剧┃影视",
            "type": 3,
            "api": "csp_XBPQ",
            "jar": "./xyqxbpq.jar",
            "ext": {
                "数组": "lazyload&&pic-text text-right",
                "标题": "title=\"&&\"",
                "图片": "data-original=\"&&\"",
                "副标题": ";\">&&</span>",
                "链接": "href=\"&&\"",
                "播放数组": "class=\"myui-content&&</ul>",
                "播放列表": "<a&&a>",
                "播放链接": "href=\"&&\"",
                "播放标题": "\">&&</",
                "简介": "myui-panel_bd\">&&\"\\&gt",
                "分类url": "https://taiquantv.com/search.php?page={catePg}&searchtype=5&order={by}&area={area}&year={year}&letter={letter}&yuyan={lang}&money=&ver=&jq=&tid={cateId}",
                "分类": "电影$6#电视剧$5#动漫$7#短片$26#影视$1",
                "排序": "时间&人气&评分",
                "排序值": "addtime&hit&commend"
            }
        },
        {
            "key": "途趣影院",
            "name": "🚙途趣┃影视",
            "type": 3,
            "api": "csp_XBPQ",
            "jar": "./xyqxbpq.jar",
            "searchable": 1,
            "quickSearch": 1,
            "filterable": 1,
            "ext": {
                "请求头": "User-Agent$MOBILE_UA",
                "编码": "UTF-8",
                "数组": "col-6 col-sm-4&&ym-lh-0",
                "标题": "mb-0\">&&</h6>",
                "图片": "data-original=\"&&\"",
                "链接": "href=\"&&\"",
                "线路数组": "<a rel=\"nofollow&&</a >",
                "线路标题": "<small>&&</small>",
                "简介": "简介：+<p>&&</p >",
                "分类url": "https://www.airpurging.com/vod/show/area/{area}/by/{by}/class/{class}/id/{cateId}/letter/{letter}/page/{catePg}/year/{year}.html",
                "分类": "电影$1#剧集$2#综艺$3#动漫$4#纪录片$5",
                "剧情": "喜剧&剧情&动作&恐怖&悬疑&犯罪&情色&惊悚&奇幻&家庭&传记&伦理&儿童&冒险&军事&动漫&动画&科幻&历史&古装&同性&战争&歌舞&武侠&灾难&爱情&西部&运动&邵氏电影||剧情&动作&恐怖&悬疑&奇幻&家庭&科幻&战争&灾难&爱情&犯罪&情色&惊悚&传记&儿童&冒险&动画&歌舞&武侠&历史&古装&同性&喜剧&真人秀&短片&纪录片&西部&运动||脱口秀&传记&儿童&冒险&历史&情感&戏曲&歌舞&爱情&短片&纪录片&运动&音乐||搞笑&热血&催泪&治愈&励志&机战&恋爱&科幻&奇幻&推理&校园&历史&冒险&竞技&武侠&玄幻||悬疑&同性&喜剧&动作&剧情&恐怖&冒险&奇幻&传记&犯罪&历史&短片&音乐&运动&战争&真人秀&动画&歌舞&科幻&惊悚&爱情&家庭&脱口秀||",
                "剧情值": "*"
            }
        },
        {
            "key": "囧次元动漫",
            "name": "🔂囧次元┃动漫",
            "type": 3,
            "api": "csp_XBPQ",
            "jar": "./xyqxbpq.jar",
            "ext": {
                "请求头": "User-Agent$MOBILE_UA",
                "编码": "UTF-8",
                "简介": "line-height*>&&</p >",
                "线路数组": "ewave-playlist&&</li>",
                "线路标题": "\">&&<span[不包含:囧次元B已失效#线路失效]",
                "分类url": "https://jiongciyuan.org/index.php/vod/show/area/{area}/by/{by}/class/{class}/id/{cateId}/lang/{lang}/letter/{letter}/page/{catePg}/year/{year}.html",
                "分类": "新番放送$20#追番计划$4",
                "剧情": "日韩动漫&国产动漫&异世界&战斗&穿越&魔法&百合&催泪&经典&治愈&青春&恋爱&奇幻&热血&搞笑&萝莉&校园&冒险&动作&励志&后宫&伪娘&猎奇&竞技&动画&情感&玄幻&推理&机战&运动&战争&少年&少女&社会&原创&亲子&益智&小说改||日韩动漫&国产动漫&异世界&战斗&穿越&魔法&百合&催泪&经典&治愈&青春&恋爱&奇幻&热血&搞笑&萝莉&校园&冒险&动作&励志&后宫&伪娘&猎奇&竞技&动画&情感&玄幻&推理&机战&运动&战争&少年&少女&社会&原创&亲子&益智&小说改",
                "剧情值": "*"
            }
        },
        {
            "key": "九月影视",
            "name": "9️⃣九月┃影视",
            "type": 3,
            "api": "csp_XBPQ",
            "jar": "./xyqxbpq.jar",
            "searchable": 1,
            "quickSearch": 1,
            "filterable": 1,
            "ext": {
                "请求头": "User-Agent$MOBILE_UA",
                "数组": "item-con clearfix&&class=\"hot\"",
                "标题": "alt=\"&&\"",
                "图片": "data-original=\"&&\"",
                "副标题": "<em>&&</em>",
                "链接": "href=\"&&\"",
                "分类url": "https://www.ddzw.cn/vodshow/{cateId}-{area}--{class}-----{catePg}---{year}.html",
                "分类": "电影$1#电视剧$2#动漫$4#综艺$3#福利$29",
                "类型": "动作$6#喜剧$7#爱情$8#科幻$9#恐怖$10#剧情$11#战争$12#古装$26#悬疑犯罪$27||国产剧$14#台剧$28#韩剧$15#日剧$16#欧美剧$20#泰剧$21||大陆综艺$22#港台综艺$24#日韩综艺$23#其他综艺$25||空||国产精品$30#亚洲无码$31#日本精品$32#中文字幕$33#欧美精品$34#成人动漫$35#三级伦理$36#人妻熟女$37#口爆颜射$38#萝莉少女$39#SM调教$40#美乳巨乳$41#短视频$42#女同性爱$43#AI换脸$44#多人群交$45#制服诱惑$46#网曝门$48#人兽$49#性课堂$50"
            }
        },
        {
            "key": "85K影院",
            "name": "8️⃣85K┃影视",
            "type": 3,
            "api": "csp_XBPQ",
            "jar": "./xyqxbpq.jar",
            "ext": {
                "分类url": "https://85k.ltd//index.php/vod/show/area/{area}/by/{by}/class/{class}/id/{cateId}/lang/{lang}/page/{catePg}/year/{year}/",
                "分类": "电影$1#剧集$2#综艺$3#动漫$4#短剧$47",
                "类型": "动作片$6#喜剧片$7#爱情片$8#科幻片$9#恐怖片$10#剧情片$11#战争片$12#记录片$29||国产剧$13#港台剧$14#韩日剧$15#欧美剧$16#海外剧$20#泰国剧$21||大陆综艺$22#港台综艺$23#日韩综艺$24#欧美综艺$25||里番动漫$46#动漫电影$30#国产动漫$26#韩日动漫$27#欧美动漫$28||网络剧$48#短剧$44"
            }
        },
        {
            "key": "赵本山小品网",
            "name": "🤡本山┃大全",
            "type": 3,
            "api": "csp_XBPQ",
            "jar": "./xyqxbpq.jar",
            "searchable": 1,
            "quickSearch": 1,
            "filterable": 1,
            "ext": {
                "请求头": "User-Agent$MOBILE_UA",
                "编码": "gb2312",
                "数组": "<li><a class=\"img&&</li>",
                "标题": "title=\"&&\"",
                "图片": "image:url(&&)",
                "副标题": "data-desc=\"&&\"",
                "链接": "href=\"&&\"",
                "主页url": "http://m.u77.net/",
                "分类": "赵家班$1#小品$2#相声$6#戏曲$5#二人转$92#舞蹈$99",
                "类型": "赵本山$9#赵本山电影$46#赵本山电视剧$47#本山选谁上春晚$48#本山快乐营$49||历届春晚$3#动画小品$4#欢乐喜剧人$161#今夜现场秀$375#组团上春晚$294#欢乐送$305#笑动剧场$346#欢乐中国人$347#娱乐乐翻天$349#我爱满堂彩$352#喜剧班的春天$357#开心剧乐部$358#笑动欢乐秀$353#笑声传奇$355#哎呀妈呀$354#元宵晚会$350#我看你有戏$218#一起来笑吧$219#笑动2015$250#笑动2016$300#潮汕小品$255#笑傲江湖$273#欢乐集结号$303#笑傲帮$310#喜剧者联盟$315#我为喜剧狂$328#爱笑会议室$331#喜乐街$332#跨界喜剧王$334#喜剧总动员$335#欢乐饭米粒儿$336#关东微喜剧$338#今夜百乐门$339#寻笑人$340#憋住不准笑$343#笑星闯地球$344#周六夜现场$378#相声有新人$379#笑礼相迎$380||动画相声$7#天津相声俱乐部$359#宽和茶园$356#嘻哈包袱铺$360#德云社$89#郭德纲$309#岳云鹏$306#烧饼$308#单口相声$329#马三立$361#相声新势力$376||豫剧$96#梨园春$286#京剧$97#黄梅戏$129#晋剧$130#越剧$142#秦腔大全$143#莆仙戏$144#河北梆子$145#锡剧$146#川剧$148#潮剧$149#评剧$150#曲剧$151#花鼓戏$152#蒲剧$153#昆曲$154#粤剧$155#吕剧$156#莲花落$157#歌仔戏$158#淮剧$159#婺剧$160#河南坠子$162#闽剧$163#上党鼓书$164#沪剧$165#上党梆子$166#淮剧$167#庐剧$168#彩调剧$169#扬剧$170#大鼓$171#越调$172#琴书$173#大平调$174#楚剧$175#二人台$176#大秧歌$184#落子$185#柳琴戏$186#木偶戏$187#绍剧$188#丝弦$189#姚剧$190#温州鼓词$191#甬剧$192#湘剧$193#道情$194#赣剧$195#采茶戏$196#琼剧$197#苏州评弹$198#梨园戏$199#眉户$200#茂腔$201#芗剧$205#白字戏$206#泗州戏$207#四平调$208#桂剧$209#山歌剧$210#高甲戏$211#花灯戏$212#龙江剧$214#推剧$215#二夹弦$216#柳子戏$217#唢呐$243#大鼓书$259#莱芜梆子$271#皮影戏$272#扬琴戏$291#南音$369#汉剧$370#安徽民间小调$295#河南民间小调$296#刘晓燕民间小调$297#沂蒙小调$325||北京评书大会$374#中国新相亲$348#社会人文$366#金牌调解$367#门当户对$368#荒野求生$371#爱情保卫战$364#调解面对面$365#单田芳$121#刘兰芳$122#田连元$123#袁阔成$124#连丽如$125#张少佐$126#王玥波$127#孙一$128#李伯清$330#脱口秀$337#陈翔六点半$341#都市笑口组$342#二人转正戏$132#二人转拉场戏$133#二人转小帽$134#二人转单出头$138#粗口二人转$140#二人转短剧$258#魏三$93#明星转起来$333#小黄飞$94#孙小宝$98#冯涛$372#小王刚$113#小沈阳$131#小豆豆$136#孙大美$139#闫学晶$141#郭旺$177#蒋小东$178#王小利$179#翟波$180#崔大笨$181#李毛毛$182#王小福$183#宋小宝二人转$220#程野$221#周云鹏$223#关小平$224#韩子平$225#田娃$226#小火苗$227#宋晓峰$228#赵晓波$229#张涛$230#唐鉴军$231#董明珠$232#秦志平$233#王金龙$234#王小虎$235#张小光$236#王小宝$237#蔡维利$238#王文轩$239#董孝芳$241#丫蛋/毛毛$256#何晓影$257#向阳/相阳$263#张小飞$270#吉忠利$277#路小波$278#赵小军$279#闫书平$280#李晓霞$282#闫光明$283#闫淑萍$284#徐云鹏$298#小矮人$312#盛喆$313#郑淑云$326#董玮$327#孙晓丽$362#尹维民$363||玫香广场舞$351#百姓健康舞$102#广播体操$112#中老年操$287#广场舞教学$137#八段锦$240#郑多燕减肥舞$262#太极拳$242#易筋经$275#糖豆广场舞$244#辣妈广场舞$135#春英广场舞$245#动动广场舞$246#美久广场舞$247#云裳广场舞$248#茉莉广场舞$249#青儿广场舞$251#杨艺广场舞$252#刘荣广场舞$253#高安子君广场舞$254#迪斯科广场舞$260#格格广场舞$261#新风尚广场舞$265#応子广场舞$266#周思萍广场舞$267#紫蝶踏歌广场舞$268#舞动旋律2007健身队$269#博白廖弟广场舞$274#张春丽广场舞$276#馨梅广场舞$281#金芙蓉广场舞$288#新生代广场舞$290#金灿灿广场舞$292#陶然亭水兵舞$293#宇美广场舞$299#阿采广场舞$302#孕妇操$304#武林风$285#幼儿舞蹈$307#米悠悠广场舞$314#吕芳广场舞$316#穿心村广场舞$317#王广成广场舞$318#惠汝广场舞$319#舞灵美娜子广场舞$320#青青世界广场舞$321#小君广场舞$322#南昌玲玲广场舞$323#吉美广场舞$324#就爱名师教你跳$373",
                "分类url": "/xiaopin/{cateId}.html;;z"
            }
        },
        {
            "key": "影趣影视",
            "name": "🎦影趣┃影视",
            "type": 3,
            "api": "csp_XBPQ",
            "jar": "./xyqxbpq.jar",
            "searchable": 1,
            "quickSearch": 1,
            "filterable": 1,
            "ext": {
                "请求头": "User-Agent$MOBILE_UA",
                "编码": "UTF-8",
                "简介": "content\"><p>&&</p >",
                "分类url": "https://yingqu.net/vodshow/{cateId}-{area}-{by}-{class}-{lang}-{letter}---{catePg}---{year}.html",
                "分类": "电影$1#电视剧$2#综艺$3#动漫$4#短剧$35#体育$39#电影解说$44#预告片$60",
                "类型": "动作片$6#喜剧片$7#科幻片$8#恐怖片$9#爱情片$10#记录片$11#灾难片$12#悬疑片$62#犯罪片$61#奇幻片$54#动画片$59#战争片$33#剧情片$34#其他$53||国产剧$14#香港剧$13#日本剧$15#泰剧$16#欧美剧$58#韩国剧$57#台湾剧$56#海外剧$21#其他$22||国产综艺$28#日韩综艺$29#欧美综艺$30#港台综艺$31#其他$32||国产动漫$23#日本动漫$24#欧美动漫$25#港台动漫$26#其他$27||重生民国$45#穿越年代$46#现代言情$47#反转爽文$48#女恋总裁$49#闪婚离婚$50#都市脑洞$51#古装仙侠$52||足球$40#篮球$41#网球$42#斯诺克$43#赛事$55||空||空"
            }
        },
        {
            "key": "韩剧看看",
            "name": "🇰🇷韩剧┃看看",
            "type": 3,
            "api": "csp_XBPQ",
            "jar": "./xyqxbpq.jar",
            "ext": {
                "请求头": "User-Agent$MOBILE_UA",
                "编码": "UTF-8",
                "二次截取": "module-poster-items-base&&</div>*id=\"page\">",
                "数组": "<a&&no-referrer",
                "标题": "title=\"&&\"",
                "图片": "data-original=\"&&\"",
                "副标题": "note\">&&</div>",
                "链接": "href=\"&&\"",
                "播放数组": "module-play-list-content&&</div>",
                "播放列表": "<a&&a>",
                "播放链接": "href=\"&&\"",
                "播放标题": "title=\"&&\"",
                "跳转播放链接": "var player_*\"url\":\"&&\"",
                "线路数组": "module-tab-item&&</div>",
                "线路标题": "<span>&&</span>",
                "分类url": "https://www.hanjukankan.com/xvs{cateId}xat{area}xbt{by}xct{class}xdt{lang}xet{letter}xftxgtxht{catePg}atbtct{year}.html;;x",
                "分类": "韩剧$1#韩影$2#韩综$3#其他$4"
            }
        },
        {
            "key": "米兔影视",
            "name": "🐰米兔┃影视",
            "type": 3,
            "jar": "./xyqxbpq.jar",
            "api": "csp_XBPQ",
            "ext": {
                "分类url": "https://mi2ys.com/vodshow/{cateId}-{area}-{by}-{class}-{lang}-{letter}---{catePg}---{year}.html",
                "分类": "电影$dianying#电视剧$dianshiju#综艺$zongyi#动漫$dongman#短剧$duanju#体育$tiyu",
                "类型": "动作$dongzuo#惊悚$jingsong#爱情$aiqing#剧情$juqing#犯罪$fanzui#喜剧$xiju#科幻$kehuan#冒险片$maoxianpian#战争$zhanzheng#纪录片$jilupian#灾难片$zainanpian#伦理片$lunlipian#悬疑$xuanyi#恐怖片$kongbupian#其他$qita||美剧$meiju#国产剧$guochanju#日剧$riju#韩剧$hanju#其他剧$qitaju||空||精品3D$jingpin3D#国产动漫$guochandongman#欧美动漫$oumeidongman#日韩动漫$rihandongman#其他国家$qitaguojia||空||空",
                "剧情": "喜剧&爱情&恐怖&动作&科幻&剧情&战争&警匪&犯罪&动画&奇幻&武侠&冒险&枪战&恐怖&悬疑&惊悚&经典&青春&文艺&微电影&古装&历史&运动&农村&儿童&网络电影&伦理||古装&战争&青春偶像&喜剧&家庭&犯罪&动作&奇幻&剧情&历史&经典&乡村&情景&商战&网剧&其他||真人秀&选秀&网综&脱口秀&搞笑&竞技&情感&访谈&演唱会&晚会&其它||情感&科幻&热血&推理&搞笑&冒险&萝莉&校园&动作&机战&运动&战争&少年&少女&社会&原创&亲子&益智&励志&其他||爱情&动作&喜剧&战争&科幻&剧情&武侠&冒险&枪战&恐怖&微电影&其他||全部&足球&篮球&斯诺克&欧冠&世界杯&nba",
                "剧情值": "*",
                "地区": "大陆&香港&台湾&美国&法国&英国&日本&韩国&德国&泰国&印度&意大利&西班牙&加拿大&其他||内地&韩国&香港&台湾&日本&美国&泰国&英国&新加坡&其他||国产综艺&港台综艺&日本综艺&韩国综艺&欧美综艺&新马泰综艺&其他综艺||国产&港台&日本&韩国&欧美&其他||大陆&香港&台湾&美国&韩国&日本&泰国&新加坡&马来西亚&印度&英国&法国&加拿大&西班牙&俄罗斯&其他||大陆&香港&台湾&美国&韩国&日本&泰国&新加坡&马来西亚&印度&英国&法国&加拿大&西班牙&俄罗斯&其他",
                "地区值": "*",
                "语言": "国语&英语&粤语&闽南语&韩语&日语&法语&德语&其他||国语&英语&粤语&闽南语&韩语&日语&其他||国语&英语&粤语&闽南语&韩语&日语&其他||国语&英语&粤语&闽南语&韩语&日语&其他||国语&英语&粤语&闽南语&韩语&日语&法语&德语&其他||国语&英语&粤语&闽南语&韩语&日语&法语&德语&其他",
                "语言值": "*",
                "年份": "2000-2024",
                "年份值": "*",
                "字母": "A&B&C&D&E&F&G&H&I&J&K&L&M&N&O&P&Q&R&S&T&U&V&W&X&Y&Z&0-9",
                "字母值": "*",
                "排序": "最近更新&最多播放&最好评",
                "排序值": "time&hits&score"
            }
        },
        {
            "key": "新感觉",
            "name": "💪新感觉｜APP",
            "type": 3,
            "api": "csp_AppYsV2",
            "jar": "./lib/spider.jar",
            "searchable": 1,
            "quickSearch": 1,
            "filterable": 1,
            "ext": "http://43.248.100.147:9892/api.php/app/"
        },
        {
            "key": "鬼片之家",
            "name": "🧛鬼片┃影视",
            "type": 3,
            "api": "csp_XBPQ",
            "jar": "./xyqxbpq.jar",
            "ext": {
                "分类url": "https://www.guipian365.com/vodshow/{cateId}--{by}---{letter}---{catePg}---.html",
                "分类": "鬼片大全$1#电视剧$2#恐怖片$3#动漫$4",
                "类型": "大陆鬼片$6#日韩鬼片$7#林正英鬼片$8#港台鬼片$9#泰国鬼片$10#欧美鬼片$11||国产剧$12#美剧$13#韩剧$14#日剧$15#泰剧$16#港台剧$20#其他剧$22||空||空"
            }
        },
        {
            "key": "龙伊影视",
            "name": "👺龙伊┃专线",
            "type": 3,
            "api": "csp_AppYsV2",
            "searchable": 1,
            "quickSearch": 1,
            "filterable": 1,
            "ext": "http://影视.龙伊.top/api.php/app/"
        },
        {
            "key": "csp_Dm84",
            "name": "🚌巴士┃动漫",
            "type": 3,
            "api": "csp_Dm84",
            "searchable": 0,
            "quickSearch": 1,
            "filterable": 1,
            "timeout": 10
        },
        {
            "key": "龙伊独家",
            "name": "👻龙伊┃影视",
            "api": "csp_Gz360",
            "jar": "./lib/08015.jar",
            "type": 3,
            "searchable": 1,
            "playerType": 2,
            "timeout": 30,
            "changeable": 0
        },
        {
            "key": "huohuo",
            "name": "🔥火焰┃影视",
            "type": 3,
            "changeable": 0,
            "api": "csp_SaoHuo",
            "jar": "./lib/08015.jar"
        },
        {
            "key": "影视备份",
            "name": "😈影迷┃影视",
            "type": 3,
            "api": "csp_AppYsV2",
            "searchable": 1,
            "quickSearch": 1,
            "filterable": 1,
            "ext": "http://apple.xn--9kqr9lk79c.top/api.php/app/"
        },
        {
            "key": "爱优影视",
            "name": "🫰🏻爱优┃影视",
            "type": 3,
            "api": "csp_XBPQ",
            "jar": "./xyqxbpq.jar",
            "ext": {
                "请求头": "User-Agent$MOBILE_UA",
                "编码": "UTF-8",
                "分类url": "https://iuys2.cc/vodshow/{cateId}-{area}-{by}-{class}-{lang}-{letter}---{catePg}---{year}.html",
                "分类": "电影$2#电视剧$1#综艺$4#动漫$3"
            }
        },
        {
            "key": "348影视",
            "name": "😄开心┃影视",
            "type": 3,
            "api": "csp_XBPQ",
            "jar": "./xyqxbpq.jar",
            "searchable": 1,
            "quickSearch": 1,
            "filterable": 1,
            "ext": "./348.json"
        },
        {
            "key": "T4-黑狐",
            "name": "🐻黑狐┃影视",
            "type": 4,
            "api": "https://catbox.n13.club/t4/heihu.php"
        },
        {
            "key": "一起看呀吧",
            "name": "👨\u200d👨\u200d👧一起看┃app",
            "type": 3,
            "api": "csp_XBPQ",
            "jar": "./yt.jar",
            "searchable": 1,
            "quickSearch": 1,
            "filterable": 1,
            "ext": {
                "首页": "短剧",
                "副标题": "🥝老胡推荐🥝",
                "线路数组": "#playlist*\">&&</a>",
                "线路标题": "🌽专享🌽+<span>&&</span>+线路",
                "播放数组": "class=\"playlistlink&&</ul>",
                "播放列表": "<li&&</li>",
                "播放标题": "title=\"&&\"",
                "播放链接": "href=\"&&\"",
                "跳转播放链接": "varurlDecode(var player*url\":\"&&\")",
                "分类url": "http://www.lxsgsy.com/search.php?page={catePg}&searchtype=5&order={by}&tid={cateId}&area={area}&year={year}&letter=&yuyan=&state=&money=&ver=&jq=[]",
                "分类": "电影$1&电视剧$2&短剧$30&综艺$3&动漫$4&都是$5&刚好$6&东方$7"
            }
        },
        {
            "key": "zy_金鹰影视点主页切换源",
            "name": "🔰金鹰┃影视",
            "type": 1,
            "api": "https://jyzyapi.com/provide/vod/",
            "searchable": 1,
            "quickSearch": 1,
            "categories": [
                "欧美剧",
                "香港剧",
                "韩剧",
                "日剧",
                "马泰剧",
                "动作片",
                "爱情片",
                "喜剧片",
                "科幻片",
                "恐怖片",
                "剧情片",
                "战争片",
                "记录片",
                "动漫",
                "内地剧",
                "动画片",
                "中国动漫",
                "日本动漫",
                "欧美动漫",
                "综艺",
                "台湾剧",
                "体育赛事"
            ]
        },
        {
            "key": "天天",
            "name": "💮天天┃App",
            "type": 3,
            "api": "csp_TTian",
            "jar": "./lib/pg.jar",
            "ext": "http://op.ysdqjs.cn$$$null$$$1"
        },
        {
            "key": "农民影视",
            "name": "🌾农民┃影视",
            "type": 3,
            "api": "csp_WexNmys",
            "jar": "./ou.jar",
            "searchable": 1,
            "changeable": 1
        },
        {
            "key": "xml_火狐",
            "name": "🔥️火狐┃秒播",
            "type": 1,
            "style": {
                "type": "rect",
                "ratio": 0.8
            },
            "api": "https://hhzyapi.com/api.php/provide/vod/?ac=list",
            "searchable": 1,
            "quickSearch": 0,
            "filterable": 1,
            "categories": [
                "动作片",
                "喜剧片",
                "爱情片",
                "科幻片",
                "恐怖片",
                "剧情片",
                "战争片",
                "悬疑片",
                "犯罪片",
                "奇幻片",
                "记录片",
                "动画片",
                "伦理片",
                "内地剧",
                "香港剧",
                "台湾剧",
                "日剧",
                "韩剧",
                "欧美剧",
                "马泰剧",
                "大陆综艺",
                "港台综艺",
                "日韩综艺",
                "欧美综艺",
                "中国动漫",
                "日本动漫",
                "欧美动漫"
            ]
        },
        {
            "key": "✨雪糕影院✨",
            "name": "🍧雪糕┃影院",
            "type": 3,
            "api": "csp_XBPQ",
            "jar": "./xyqxbpq.jar",
            "searchable": 1,
            "quickSearch": 1,
            "filterable": 1,
            "ext": {
                "数组": "hl-lazy&&</a",
                "标题": "title=\"&&\"",
                "图片": "data-original=\"&&\"",
                "副标题": "remarks\">&&</span>",
                "链接": "href=\"&&\"",
                "线路数组": "hl-tabs-btn&&a>",
                "线路标题": "&nbsp;&&</",
                "播放组数": "hl-plays-list\">&&<div",
                "播放列表": "<a&&/a>",
                "播放链接": "href=\"&&\"",
                "播放标题": ">&&<",
                "搜索模式": "1",
                "搜索url": "https://www.xgitv.com/vsearch/{wd}----------{pg}---.html",
                "搜索数组": "hl-lazy&&</a",
                "搜索标题": "title=\"&&\"",
                "搜索图片": "data-original=\"&&\"",
                "搜索链接": "href=\"&&\"",
                "搜索副标题": "remarks\">&&</span>",
                "简介": "简介：&&</li>",
                "分类url": "https://www.xgitv.com/vshow/{cateId}-{area}-{by}-{class}-{lang}-{letter}---{catePg}---{year}.html",
                "分类": "电影$dianying#电视剧$dianshiju3#综艺$zongyi#动漫$dongman#动作片$zilei1#喜剧片$zilei2#爱情片$zilei3#科幻片$zilei4#恐怖片$zilei5#剧情片$zilei6#战争片$zilei7"
            }
        },
        {
            "key": "✨纵横|影视✨",
            "name": "🍓纵横┃影视",
            "type": 3,
            "api": "csp_XBPQ",
            "jar": "./xyqxbpq.jar",
            "ext": {
                "请求头": "User-Agent$MOBILE_UA",
                "编码": "UTF-8",
                "主页url": "https://www.tonglicable.com",
                "数组": "pic-img\"&&</a>",
                "链接": "href=\"&&\"",
                "图片": "data-original=\"&&\"",
                "标题": "title=\"&&\"",
                "副标题": "✨+titles\">&&</",
                "线路数组": "\"bt\">&&/a>",
                "线路标题": "✨乐哥推荐✨+>&&<",
                "播放数组": "id=\"con_playlist&&</ul>",
                "播放列表": "<a&&a>",
                "播放链接": "href=\"&&\"",
                "播放标题": "✨乐哥甄选✨+>&&</",
                "简介": "✨指间的黑客为您介绍剧情✨+简介：&&</p>",
                "分类url": "https://www.tonglicable.com/show/{cateId}-{area}-{by}-{class}--{letter}---{catePg}---{year}.html",
                "分类": "电影$dianying#电视剧$dianshiju#综艺$zongyi#动漫$dongman#短剧$wenduan"
            }
        },
        {
            "key": "高清资源网",
            "name": "🍎高清┃2K",
            "type": 1,
            "api": "https://api.1080zyku.com/inc/apijson.php",
            "searchable": 1,
            "quickSearch": 1,
            "filterable": 1,
            "playurl": "json:https://uutb.centos.chat/jsonwjm.php/?url=",
            "categories": [
                "短剧",
                "邵氏电影",
                "爽文短剧",
                "动作片",
                "国产剧",
                "喜剧片",
                "爱情片",
                "科幻片",
                "恐怖片",
                "剧情片",
                "战争片",
                "记录片",
                "欧美剧",
                "日本剧",
                "泰国剧",
                "韩国剧",
                "台湾剧",
                "香港剧",
                "大陆综艺",
                "港台综艺",
                "日韩综艺",
                "欧美综艺",
                "国产动漫",
                "日韩动漫",
                "欧美动漫"
            ]
        },
        {
            "key": "a红牛资源",
            "name": "🐂红牛┃采集",
            "type": 1,
            "api": "https://www.hongniuzy2.com/api.php/provide/vod/",
            "searchable": 1,
            "changeable": 1,
            "categories": [
                "动作片",
                "喜剧片",
                "爱情片",
                "科幻片",
                "恐怖片",
                "剧情片",
                "战争片",
                "国产剧",
                "港澳剧",
                "日剧",
                "欧美剧",
                "台湾剧",
                "泰剧",
                "韩剧",
                "纪录片",
                "动漫电影"
            ]
        },
        {
            "key": "a极速资源",
            "name": "🎀极速┃采集",
            "type": 1,
            "api": "https://jszyapi.com/api.php/provide/vod/",
            "searchable": 1,
            "changeable": 1,
            "categories": [
                "日剧",
                "马泰剧",
                "内地剧",
                "欧美剧",
                "香港剧",
                "韩剧",
                "台湾剧",
                "恐怖片",
                "动画片",
                "剧情片",
                "战争片",
                "动作片",
                "记录片",
                "爱情片",
                "喜剧片",
                "科幻片",
                "灾难片",
                "悬疑片",
                "犯罪片",
                "中国动漫",
                "日本动漫",
                "欧美动漫"
            ]
        },
        {
            "key": "Lib",
            "name": "🌟立播┃秒播",
            "type": 3,
            "api": "csp_Libvio",
            "searchable": 1,
            "quickSearch": 1,
            "changeable": 1,
            "ext": {
                "Cloud-drive": "tvfan/Cloud-drive.txt",
                "from": "4k|auto"
            }
        },
        {
            "key": "文采",
            "name": "💮文采┃秒播",
            "type": 3,
            "api": "csp_Jpys",
            "playerType": 2,
            "searchable": 1,
            "quickSearch": 1,
            "changeable": 1
        },
        {
            "key": "糯米",
            "name": "🍓糯米┃秒播",
            "type": 3,
            "api": "csp_Nmyswv",
            "timeout": 15,
            "searchable": 1,
            "quickSearch": 1,
            "changeable": 1
        },
        {
            "key": "csp_SuBaiBai",
            "name": "🏳️素白┃影视",
            "type": 3,
            "jar": "./Panda.jar",
            "api": "csp_SuBaiBai"
        },
        {
            "key": "蚂钱蚁",
            "name": "🍚玛丽┃秒播",
            "type": 1,
            "api": "https://360zy.com/api.php/provide/vod",
            "playUrl": "json:http://110.42.3.99:880/rmm.php/?url=",
            "categories": [
                "爽文短剧",
                "国产剧",
                "国产动漫",
                "动画电影",
                "网络电影",
                "动作片",
                "喜剧片",
                "灾难片",
                "爱情片",
                "科幻片",
                "恐怖片",
                "剧情片",
                "战争片",
                "港台剧",
                "日韩剧",
                "欧美剧",
                "惊悚片",
                "犯罪片",
                "冒险片",
                "悬疑片",
                "武侠片",
                "奇幻片",
                "国产综艺"
            ]
        },
        {
            "key": "影视森林",
            "name": "🐘森林┃影视",
            "type": 3,
            "api": "csp_XBPQ",
            "jar": "./xyqxbpq.jar",
            "searchable": 1,
            "quickSearch": 1,
            "filterable": 1,
            "ext": {
                "请求头": "User-Agent$MOBILE_UA",
                "编码": "UTF-8",
                "主页url": "https://www.ncshdxx.com/",
                "分类url": "https://www.ncshdxx.com/vodshow/{cateId}-{area}-{by}-{class}-{lang}-{letter}---{catePg}---{year}/",
                "分类": "电影$dianying#电视剧$dsj#综艺$zongyi#动漫$dongman#爽文短剧$shuangwenduanju#4k电影$4kdianying#体育赛事$tiyusaishi",
                "类型": "喜剧片$xijupian#动作片$dongzuopian#爱情片$aiqingpian#科幻片$kehuanpian#恐怖片$kongbupian#剧情片$juqingpian#战争片$zhanzhengpian#悬疑片$xuanyipian#犯罪片$fanzuipian#冒险片$maoxianpian#动画片$donghuapian#惊悚片$jingsongpian#奇幻片$qihuanpian#纪录片$jilupian#武侠片$wuxiapian||国产剧$guochanju#欧美剧$oumeiju#日剧$riju#韩剧$hanju#港剧$gangju#台剧$taiju#泰剧$taiju#海外剧$haiwaiju||空||国产动漫$guochandongman#日韩动漫$rihandongman#欧美动漫$oumeidongman#港台动漫$gangtaidongman#海外动漫$haiwaidongman||空||空||空"
            }
        },
        {
            "key": "萌米",
            "name": "👀萌米┃多线",
            "type": 3,
            "api": "csp_AppTT",
            "playerType": 2,
            "searchable": 1,
            "quickSearch": 1,
            "changeable": 1,
            "ext": "AO7TcBkd8Iifux0Y8Qze6tVlMg=="
        },
        {
            "key": "欢视",
            "name": "👓欢视┃多线",
            "type": 3,
            "api": "csp_AppTT",
            "playerType": 2,
            "searchable": 1,
            "quickSearch": 1,
            "changeable": 1,
            "ext": "AO7TcBkd8IPB+BwH4Qma+opv"
        },
        {
            "key": "热播",
            "name": "📺热播┃多线",
            "type": 3,
            "api": "csp_AppTT",
            "playerType": 2,
            "searchable": 1,
            "quickSearch": 1,
            "changeable": 1,
            "ext": "AO7TcBkd8I/B5wQc4Qma+pU="
        },
        {
            "key": "可可",
            "name": "👻可可┃多线",
            "type": 3,
            "api": "csp_Kekys",
            "playerType": 2,
            "searchable": 1,
            "quickSearch": 1,
            "changeable": 1
        },
        {
            "key": "低端",
            "name": "⏮️低端┃外剧",
            "type": 3,
            "api": "csp_Ddrk",
            "playerType": "2",
            "searchable": 1,
            "quickSearch": 1,
            "changeable": 1
        },
        {
            "key": "厂长",
            "name": "📔厂长┃不卡",
            "type": 3,
            "api": "csp_NewCz",
            "timeout": 15,
            "playerType": 2,
            "searchable": 1,
            "quickSearch": 1,
            "changeable": 1,
            "ext": "https://www.czzy77.com/"
        },
        {
            "key": "原创",
            "name": "☀原创┃不卡",
            "type": 3,
            "api": "csp_YCyz",
            "timeout": 15,
            "playerType": 1,
            "searchable": 1,
            "quickSearch": 1,
            "changeable": 1
        },
        {
            "key": "比特",
            "name": "🍄比特┃秒播",
            "type": 3,
            "api": "csp_Bttwoo",
            "searchable": 1,
            "quickSearch": 1,
            "changeable": 1
        },
        {
            "key": "q女q优嗯嗯(3)",
            "name": "🥇金牌┃影院",
            "type": 3,
            "api": "csp_XBPQ",
            "jar": "./xyqxbpq.jar",
            "searchable": 1,
            "quickSearch": 1,
            "filterable": 1,
            "ext": "./金牌影院.json"
        },
        {
            "key": "csp_Yhys",
            "name": "🚢宇航┃影视",
            "type": 3,
            "api": "csp_Yhys",
            "jar": "./Panda.jar",
            "playerType": 2
        },
        {
            "key": "FoFo影院",
            "name": "🇫Fo┃影视",
            "type": 3,
            "api": "csp_XBPQ",
            "jar": "./xyqxbpq.jar",
            "searchable": 1,
            "quickSearch": 1,
            "filterable": 1,
            "ext": {
                "分类url": "https://fofoyy.tv/vodshow/{cateId}-{area}-{by}-{class}--{letter}---{catePg}---{year}.html",
                "分类": "电影$dianying#连续剧$lianxuju#综艺$zongyi#动漫$dongman",
                "类型": "动作片$dongzuopian#喜剧片$xijupian#爱情片$aiqingpian#科幻片$kehuanpian#恐怖片$kongbupian#剧情片$juqingpian#战争片$zhanzhengpian#惊悚片$jingsongpian#家庭片$jiatingpian#古装片$guzhuangpian#历史片$lishipian#悬疑片$xuanyipian#犯罪片$fanzuipian#灾难片$zainanpian#记录片$jilupian#短片$duanpian#动画片$donghuapian#伦理片$lunlipian||国产剧$guochanju#香港剧$xianggangju#韩国剧$hanguoju#欧美剧$oumeiju#台湾剧$taiwanju#日本剧$ribenju#海外剧$haiwaiju#泰国剧$taiguoju#爽文短剧$shuangwenduanju||大陆综艺$daluzongyi#港台综艺$gangtaizongyi#日韩综艺$rihanzongyi#欧美综艺$oumeizongyi||国产动漫$guochandongman#欧美动漫$oumeidongman#日本动漫$ribendongman#里番动漫$lifandongman",
                "地区": "大陆&香港&台湾&美国&韩国&日本&印度&英国&法国&加拿大&西班牙&德国&俄罗斯&意大利&泰国&新加坡&马来西亚&其它||大陆&香港&台湾&美国&韩国&日本&印度&英国&法国&加拿大&西班牙&德国&俄罗斯&意大利&泰国&新加坡&马来西亚&其它||大陆&香港&台湾&美国&韩国&日本&印度&英国&法国&加拿大&西班牙&德国&俄罗斯&意大利&泰国&新加坡&马来西亚&其它||大陆&香港&台湾&美国&韩国&日本&印度&英国&法国&加拿大&西班牙&德国&俄罗斯&意大利&泰国&新加坡&马来西亚&其它",
                "地区值": "*"
            }
        },
        {
            "key": "孜然影视",
            "name": "🐐孜然┃影视",
            "type": 3,
            "api": "csp_XBPQ",
            "jar": "./xyqxbpq.jar",
            "searchable": 1,
            "quickSearch": 1,
            "filterable": 1,
            "ext": {
                "请求头": "User-Agent$MOBILE_UA",
                "编码": "UTF-8",
                "分类url": "https://zrys1.icu/index.php/vod/show/area/{area}/by/{by}/id/{cateId}/letter/{letter}/page/{catePg}/year/{year}/",
                "分类": "电影$1#剧集$2#综艺$3#动漫$4#短视频$47",
                "类型": "动作片$6#喜剧片$7#爱情片$8#科幻片$9#恐怖片$10#剧情片$11#战争片$12#记录片$29||国产剧$13#港台剧$14#韩日剧$15#欧美剧$16#海外剧$20#泰国剧$21||大陆综艺$22#港台综艺$23#日韩综艺$24#欧美综艺$25||里番动漫$46#动漫电影$30#国产动漫$26#韩日动漫$27#欧美动漫$28||网络剧$48#短剧$44",
                "地区": "中国大陆&香港&台湾&美国&法国&英国&日本&韩国&德国&泰国&印度&意大利&西班牙&加拿大&其他||中国大陆&韩国&香港&台湾&日本&美国&泰国&英国&新加坡&其他||空||中国大陆&日本&欧美&其他||空",
                "地区值": "*",
                "年份": "2000-2024",
                "年份值": "*",
                "字母": "A&B&C&D&E&F&G&H&I&J&K&L&M&N&O&P&Q&R&S&T&U&V&W&X&Y&Z&0-9",
                "字母值": "*",
                "排序": "时间&人气&评分",
                "排序值": "time&hits&score"
            }
        },
        {
            "key": "影梦影视",
            "name": "💭梦莹┃影视",
            "type": 3,
            "api": "csp_XBPQ",
            "jar": "./xyqxbpq.jar",
            "searchable": 1,
            "quickSearch": 1,
            "filterable": 1,
            "ext": {
                "请求头": "User-Agent$MOBILE_UA",
                "编码": "UTF-8",
                "主页url": "https://m.yingmeng.net/",
                "分类url": "https://m.yingmeng.net/vodshow/{cateId}-{area}-{by}-{class}-{lang}-{letter}---{catePg}---{year}.html",
                "分类": "电影$1#电视剧$2#动漫$3#综艺$4#短剧$35#体育$39#预告片$60#电影解说$44",
                "类型": "动作片$6#喜剧片$7#科幻片$8#恐怖片$9#爱情片$10#记录片$11#灾难片$12#悬疑片$62#犯罪片$61#奇幻片$54#动画片$59#战争片$33#剧情片$34#其他$53||国产剧$14#香港剧$13#日本剧$15#泰剧$16#欧美剧$58#韩国剧$57#台湾剧$56#海外剧$21#其他$22||国产动漫$23#日本动漫$24#欧美动漫$25#港台动漫$26#其他$27||国产综艺$28#日韩综艺$29#欧美综艺$30#港台综艺$31#其他$32||重生民国$45#穿越年代$46#现代言情$47#反转爽文$48#女恋总裁$49#闪婚离婚$50#都市脑洞$51#古装仙侠$52||足球$40#篮球$41#网球$42#斯诺克$43#赛事$55||空||空",
                "剧情": "喜剧&爱情&动作&动画&恐怖&惊悚&枪战&悬疑&科幻&战争&犯罪&奇幻&剧情&青春&冒险&家庭&警匪&历史&武侠&儿童&灾难&传记&伦理&运动&音乐&魔幻&歌舞&戏曲&玄幻&西部&悲剧&史诗&其他||爱情&古装&悬疑&都市&家庭&喜剧&传奇&武侠&军旅&权谋&革命&现实&青春&猎奇&科幻&竞技&玄幻||交幻&科幻&武侠&冒险&战斗&搞笑&恋爱&魔幻&竞技&悬疑&日常&校园&真人&推理&历史&经典&其他||游戏&脱口秀&音乐舞台&情感&生活&职场&喜剧&美食&潮流运动&竞技&影视&电竞&推理&访谈&亲子&文化&互动&晚会&资讯&其他||空||空||空||空",
                "剧情值": "*"
            }
        },
        {
            "key": "VIP电影",
            "name": "🇻VIP┃影视",
            "type": 3,
            "api": "csp_XBPQ",
            "jar": "./xyqxbpq.jar",
            "searchable": 1,
            "quickSearch": 1,
            "filterable": 1,
            "ext": {
                "请求头": "User-Agent$MOBILE_UA",
                "编码": "UTF-8",
                "分类url": "https://vip1280.net/frim/{cateId}/area/{area}/by/{by}/lang/{lang}/letter/{letter}/page/{catePg}/year/{year}.html;;x",
                "分类": "电影$index1#电视剧$index2#港台$index3#欧美$index4#日韩$index5#泰剧$index22"
            }
        },
        {
            "key": "乌卡猫影院",
            "name": "🙀乌猫┃影视",
            "type": 3,
            "api": "csp_XBPQ",
            "jar": "./xyqxbpq.jar",
            "searchable": 1,
            "quickSearch": 1,
            "filterable": 1,
            "ext": {
                "请求头": "User-Agent$MOBILE_UA",
                "编码": "UTF-8",
                "分类url": "https://www.wukamao.com/vodshow/{cateId}-{area}-{by}-{class}-{lang}-{letter}---{catePg}---{year}.html[https://www.wukamao.com/vodtype/{cateId}.html]",
                "分类": "电影$1#连续剧$2#综艺$3#动漫$4",
                "类型": "空||动作片$6#喜剧片$7#爱情片$8#科幻片$9#恐怖片$10#剧情片$11#战争片$12#悬疑片$22#记录片$21#动画片$23#奇幻片$25#犯罪片$24#灾难片$38||国产剧$13#港台剧$14#日韩剧$15#欧美剧$16#海外剧$26#泰剧$27#抖音短剧$39||大陆综艺$28#港台综艺$30#日韩综艺$29#欧美综艺$31||国产动漫$32#日韩动漫$33#欧美动漫$34"
            }
        },
        {
            "key": "妖狐影视",
            "name": "🦊妖妃┃影视",
            "type": 3,
            "api": "csp_XBPQ",
            "jar": "./xyqxbpq.jar",
            "searchable": 1,
            "quickSearch": 1,
            "filterable": 1,
            "ext": {
                "请求头": "User-Agent$MOBILE_UA",
                "编码": "UTF-8",
                "主页url": "https://www.midianshi.com/",
                "分类url": "https://www.midianshi.com/vodshow/{cateId}/area/{area}/by/{by}/class/{class}/lang/{lang}/letter/{letter}/page/{catePg}/year/{year}.html",
                "分类": "电影$dianying#电视剧$dsj#综艺$zongyi#动漫$dongman#热门短剧$remenduanju#体育赛事$tiyusaishi",
                "类型": "喜剧片$xijupian#动作片$dongzuopian#爱情片$aiqingpian#科幻片$kehuanpian#恐怖片$kongbupian#剧情片$juqingpian#战争片$zhanzhengpian#悬疑片$xuanyipian#犯罪片$fanzuipian#冒险片$maoxianpian#动画片$donghuapian#惊悚片$jingsongpian#奇幻片$qihuanpian#纪录片$jilupian||国产剧$guochanju#欧美剧$oumeiju#日剧$riju#韩剧$hanju#港剧$gangju#台剧$taiju#泰剧$taiju#海外剧$haiwaiju#爽文短剧$shuangwenduanju||空||国产动漫$guochandongman#日韩动漫$rihandongman#欧美动漫$oumeidongman#港台动漫$gangtaidongman#海外动漫$haiwaidongman||空||篮球$lanqiu#足球$zuqiu"
            }
        },
        {
            "key": "看美剧",
            "name": "🇺🇸美剧┃看看",
            "type": 3,
            "api": "csp_XBPQ",
            "jar": "./xyqxbpq.jar",
            "ext": {
                "分类": "🎬电影$1#🎥剧集$2#⛄️动漫$4#👄纪录$21",
                "分类url": "https://www.kmeiju.com/Show/{cateId}--{by}-{class}-----{catePg}---{year}.html",
                "剧情": "BBC&HBO&HULU&ONE&NETFLIX&动作&喜剧&爱情&犯罪&剧情&惊悚&恐怖&悬疑&奇幻&科幻&冒险&家庭&灾难&同性||BBC&HBO&HULU&ONE&NETFLIX&动作&喜剧&爱情&犯罪&剧情&惊悚&恐怖&悬疑&奇幻&科幻&冒险&家庭&灾难&同性||情感&科幻&热血&推理&搞笑&冒险&萝莉&校园&动作&机战&运动&战争&少年&少女&社会&原创&亲子&益智&励志&其他||真人秀&纪录片&纪录片人物&NETFLIX&BBC&自然&历史&探索",
                "剧情值": "*"
            }
        },
        {
            "key": "奈飞影视",
            "name": "🎦鸭奈飞┃秒播",
            "type": 3,
            "api": "csp_XYQHiker",
            "jar": "./ttkx.jar",
            "searchable": 1,
            "quickSearch": 1,
            "filterable": 1,
            "ext": "./lib/ynfys.json"
        },
        {
            "key": "奈飞中文",
            "name": "🎦奈飞┃秒播",
            "type": 3,
            "api": "csp_XYQHiker",
            "jar": "./ttkx.jar",
            "searchable": 1,
            "quickSearch": 1,
            "filterable": 1,
            "ext": "./lib/nfzw.json"
        },
        {
            "key": "白羊影院",
            "name": "👨\u200d👩\u200d👧邵氏┃影院",
            "type": 3,
            "api": "csp_XBPQ",
            "jar": "./dokilwss.jar",
            "searchable": 1,
            "quickSearch": 1,
            "filterable": 1,
            "ext": "./lib/by.json"
        },
        {
            "key": " 刘公ff子",
            "name": "🔮全网┃短剧",
            "type": 3,
            "api": "csp_XBPQ",
            "jar": "./xyqxbpq.jar",
            "searchable": 1,
            "quickSearch": 1,
            "filterable": 1,
            "ext": {
                "副标题": "公子专属",
                "线路标题": "公子专属",
                "分类url": "https://www.njshunma.com/vodtype/{cateId}/page/{catePg}.html",
                "分类": "全网短剧&电影&电视剧&动漫&综艺&动画片&邵氏电影&电影解说",
                "分类值": "41&1&2&4&3&37&38&39"
            }
        },
        {
            "key": "龙伊短剧",
            "name": "🐲龙儿┃短剧",
            "type": 3,
            "api": "csp_AppYsV2",
            "searchable": 0,
            "quickSearch": 1,
            "filterable": 1,
            "ext": "http://apple.xn--kwr743m.top/api.php/app/"
        },
        {
            "key": "你好帅2",
            "name": "🧸好帅┃短剧",
            "type": 3,
            "api": "csp_XBPQ",
            "jar": "./xyqxbpq.jar",
            "ext": {
                "简介": "class=\"video-info-item video-info-content vod_content\">&&</span>",
                "搜索url": "/vodsearch/{wd}-------------.html",
                "搜索数组": "<div class=\"module-item-pic\">&&</div>",
                "图片": "src=\"&&\"",
                "搜索标题": "title=\"&&\"",
                "搜索副标题": ">&&</a >",
                "线路数组": "data-dropdown-value=\"&&</div>",
                "线路标题": "<span>&&</span>",
                "播放数组": "class=\"sort-item\"&&</div>",
                "播放标题": ">&&</a",
                "分类url": "https://nhsyy.com/vodtype/{cateId}.html",
                "分类": "穿越$fenle#战神$fenlei2#重生$fenlei3#爱情$fenlei4#萌娃$guda#神医$shenyi#古代$gudai#玄幻$xuanhuan#言情$yanqing"
            }
        },
        {
            "key": "星芽短剧a",
            "name": "🌱星芽┃短剧",
            "type": 3,
            "api": "csp_AppXY",
            "jar": "./spider.jar",
            "searchable": 1,
            "quickSearch": 0,
            "filterable": 0
        },
        {
            "key": "XBPQ_短剧TV",
            "name": "🆖短剧┃TV",
            "type": 3,
            "api": "csp_XBPQ",
            "jar": "./yt.jar",
            "ext": {
                "副标题": "公子专属",
                "线路数组": "stui-pannel__head bottom-line&&",
                "线路标题": "title\">&&",
                "播放数组": "stui-content__playlist&&",
                "播放列表": "",
                "播放标题": ">&&",
                "播放链接": "href='&&'",
                "跳转播放链接": "urlDecode(var player_*url\":\"&&\")",
                "分类": "抖音短剧$20#快手短剧$21#视频号短剧$22#热播短剧$23",
                "分类url": "http://www.duanjutv.cc/vodtype/{cateId}-{catePg}.html"
            }
        },
        {
            "key": "短剧",
            "name": "🌈哈哈┃短剧",
            "type": 3,
            "api": "csp_Djtt",
            "searchable": 1,
            "quickSearch": 1,
            "changeable": 1
        },
        {
            "key": "爱你短剧",
            "name": "♥爱你┃短剧",
            "type": 3,
            "api": "csp_XBPQ",
            "playerType": "2",
            "searchable": 1,
            "quickSearch": 1,
            "filterable": 1,
            "ext": "./lib/al.json",
            "jar": "./xyqxbpq.jar"
        },
        {
            "key": "js_短剧天堂",
            "name": "🏖短剧┃天堂",
            "type": 3,
            "api": "./liba/apiv999drpy2.min.js",
            "searchable": 1,
            "quickSearch": 1,
            "filterable": 1,
            "ext": "./lib/djtt.js"
        },
        {
            "key": "hipy_js_黑木耳资源[资]",
            "name": "🥥木耳┃资源",
            "type": 3,
            "api": "./liba/apiv999drpy2.min.js",
            "searchable": 1,
            "quickSearch": 1,
            "filterable": 1,
            "order_num": 0,
            "ext": "./lib/hei.js"
        },
        {
            "key": "Auete",
            "name": "🏝奥特┃无广",
            "type": 3,
            "api": "csp_Auete",
            "timeout": 15,
            "searchable": 1,
            "quickSearch": 1,
            "changeable": 1,
            "ext": "https://auete.pro/"
        },
        {
            "key": "新6V",
            "name": "🧲新6V┃磁力",
            "type": 3,
            "api": "csp_SixV",
            "searchable": 1,
            "quickSearch": 1,
            "changeable": 0,
            "ext": "https://www.xb6v.com/"
        },
        {
            "key": "金漫TV",
            "name": "🥝金曼┃影视",
            "type": 3,
            "api": "csp_XBPQ",
            "jar": "./xyqxbpq.jar",
            "searchable": 1,
            "quickSearch": 1,
            "filterable": 1,
            "ext": {
                "影片地区": "圥忈制作",
                "影片年代": "<div class=\"module-info-tag\">&&</div>",
                "影片状态": "备注：&&</div>",
                "影片类型": "module-info-tag\">&&立即播放",
                "简介": "请勿相信影片中的广告，以免上当受骗。+style=\"line-height: 20px;\"&&</div>",
                "线路数组": "data-dropdown-value=&&</div>[不包含:芒果(超多弹幕)#腾讯(超多弹幕)#优酷(超多弹幕)#爱奇艺(超多弹幕)]",
                "线路标题": "<span>&&</span>",
                "分类url": "https://www.jinman6.com/index.php/vod/show/id/{cateId}/area/{area}/by/{by}/class/{class}/page/{catePg}/year/{year}.html",
                "分类": "电影$1#电视剧$2#动漫$3#综艺$4#纪录片$5#短剧$25"
            }
        },
        {
            "key": "影视大全",
            "name": "🎈影视┃大全",
            "type": 3,
            "api": "csp_XBPQ",
            "jar": "./xyqxbpq.jar",
            "ext": {
                "分类url": "https://www.daquan9.cc/dqshow/{cateId}-{area}-{by}-{class}-{lang}-{letter}---{catePg}---{year}.html",
                "分类": "电影$1#电视剧$2#综艺$3#动漫$4",
                "类型": "动作片$6#喜剧片$7#爱情片$8#科幻片$9#恐怖片$10#剧情片$11#战争片$12#记录片$20||国产剧$13#香港剧$14#韩国剧$15#欧美剧$16#台湾剧$21#日本剧$22#泰国剧$23||空||空",
                "剧情": "喜剧&爱情&恐怖&动作&科幻&剧情&战争&警匪&犯罪&动画&奇幻&武侠&冒险&枪战&恐怖&悬疑&惊悚&经典&青春&文艺&微电影&古装&历史&运动&农村&儿童&网络电影||古装&战争&青春偶像&喜剧&家庭&犯罪&动作&奇幻&剧情&历史&经典&乡村&情景&商战&网剧&其他||选秀&情感&访谈&播报&旅游&音乐&美食&纪实&曲艺&生活&游戏互动&财经&求职||情感&科幻&热血&推理&搞笑&冒险&萝莉&校园&动作&机战&运动&战争&少年&少女&社会&原创&亲子&益智&励志&其他",
                "剧情值": "*",
                "地区": "大陆&香港&台湾&美国&法国&英国&日本&韩国&德国&泰国&印度&意大利&西班牙&加拿大&其他||内地&韩国&香港&台湾&日本&美国&泰国&英国&新加坡&其他||内地&港台&日韩&欧美||国产&日本&欧美&其他",
                "地区值": "*",
                "年份": "2000-2024",
                "年份值": "*",
                "字母": "A&B&C&D&E&F&G&H&I&J&K&L&M&N&O&P&Q&R&S&T&U&V&W&X&Y&Z&0-9",
                "字母值": "*",
                "排序": "时间&人气&评分",
                "排序值": "time&hits&score"
            }
        },
        {
            "key": "csp_xml_ikun",
            "name": "🥣爱坤┃影视",
            "type": 1,
            "api": "https://ikunzyapi.com/api.php/provide/vod/from/ikm3u8/at/json",
            "searchable": 1,
            "quickSearch": 1,
            "filterable": 1,
            "playerType": 2,
            "playurl": "https://www.ikdmjx.com/?url=",
            "categories": [
                "国产剧",
                "韩国剧",
                "泰国剧",
                "欧美剧",
                "香港剧",
                "台湾剧",
                "日本剧",
                "海外剧",
                "国产动漫",
                "日韩动漫",
                "欧美动漫",
                "大陆综艺",
                "港台综艺",
                "日韩综艺",
                "动作片",
                "喜剧片",
                "科幻片",
                "恐怖片",
                "爱情片",
                "剧情片",
                "战争片",
                "记录片",
                "犯罪片",
                "惊悚片",
                "古装片",
                "灾难片",
                "历史片",
                "其他片",
                "悬疑片",
                "奇幻片",
                "动画片",
                "欧美综艺"
            ]
        },
        {
            "key": "华为吧资源",
            "name": "🥘微吧┃影视",
            "type": 1,
            "api": "https://cjhwba.com/api.php/provide/vod/?ac=list",
            "searchable": 1,
            "quickSearch": 1,
            "playurl": "https://player.hw8.lol/player?url=",
            "categories": [
                "剧情片",
                "动作片",
                "动画电影",
                "喜剧片",
                "恐怖片",
                "爱情片",
                "科幻片",
                "战争片",
                "伦理片",
                "欧美剧",
                "日剧",
                "韩剧",
                "台剧",
                "泰剧",
                "国产剧",
                "港剧",
                "其他剧",
                "欧美动漫",
                "日韩动漫",
                "国产动漫",
                "港台动漫",
                "其他动漫",
                "国产综艺",
                "日韩综艺",
                "欧美综艺",
                "港台综艺",
                "体育",
                "短剧"
            ]
        },
        {
            "key": "csp_非凡资源",
            "name": "🆕非凡┃资源",
            "type": 1,
            "api": "http://cj.ffzyapi.com/api.php/provide/vod/",
            "playurl": "https://tvmvip.com/lz2.php?url=",
            "searchable": 1,
            "quickSearch": 1,
            "filterable": 1,
            "categories": [
                "动作片",
                "喜剧片",
                "科幻片",
                "恐怖片",
                "爱情片",
                "剧情片",
                "战争片",
                "记录片",
                "国产剧",
                "欧美剧",
                "香港剧",
                "韩国剧",
                "台湾剧",
                "日本剧",
                "海外剧",
                "泰国剧",
                "国产动漫",
                "日韩动漫",
                "欧美动漫",
                "港台动漫",
                "海外动漫",
                "大陆综艺",
                "港台综艺",
                "日韩综艺",
                "欧美综艺"
            ]
        },
        {
            "key": "量子资源",
            "name": "🔃量子┃资源",
            "type": 1,
            "api": "http://cj.lziapi.com/api.php/provide/vod/",
            "playurl": "json:https://tvmvip.com/lz2.php?url=",
            "searchable": 1,
            "quickSearch": 1,
            "filterable": 0,
            "categories": [
                "国产剧",
                "国产动漫",
                "泰国剧",
                "台湾剧",
                "香港剧",
                "欧美剧",
                "韩国剧",
                "日本剧",
                "动漫",
                "体育",
                "剧情片",
                "动作片",
                "爱情片",
                "喜剧片"
            ]
        },
        {
            "key": "索尼资源",
            "name": "🎊索尼┃资源",
            "type": 1,
            "api": "https://suoniapi.com/api.php/provide/vod/from/snm3u8/",
            "categories": [
                "动作片",
                "喜剧片",
                "爱情片",
                "科幻片",
                "恐怖片",
                "剧情片",
                "战争片",
                "国产剧",
                "欧美剧",
                "韩剧",
                "日剧",
                "港剧",
                "台剧",
                "泰剧",
                "海外剧",
                "纪录片",
                "大陆综艺",
                "日韩综艺",
                "港台综艺",
                "欧美综艺",
                "国产动漫",
                "日韩动漫",
                "欧美动漫",
                "动画片",
                "港台动漫",
                "海外动漫",
                "演唱会",
                "体育赛事",
                "篮球",
                "足球",
                "预告片",
                "斯诺克",
                "影视解说"
            ],
            "searchable": 1,
            "quickSearch": 1
        },
        {
            "key": "Ikanbot",
            "name": "🤖爱看┃机器人",
            "type": 3,
            "api": "csp_Ikanbot",
            "jar": "./lib/pg.jar",
            "searchable": 1,
            "quickSearch": 1,
            "filterable": 1,
            "changeable": 1,
            "ext": "https://v.aikanbot.com$$$proxy"
        },
        {
            "key": "虎牙",
            "name": "🌈琥珀┃影视",
            "type": 1,
            "api": "https://www.huyaapi.com/api.php/provide/vod/from/hym3u8",
            "searchable": 0,
            "quickSearch": 0,
            "categories": [
                "内地剧",
                "动作片",
                "科幻片",
                "战争片",
                "喜剧片",
                "爱情片",
                "恐怖片",
                "犯罪片",
                "剧情片",
                "冒险片",
                "记录片",
                "伦理片",
                "韩剧",
                "香港剧",
                "台湾剧",
                "欧美剧",
                "日剧",
                "马泰剧",
                "体育赛事",
                "综艺",
                "动画片",
                "中国动漫",
                "日本动漫",
                "欧美动漫"
            ]
        },
        {
            "key": "快车资源",
            "name": "🚄快车┃影视",
            "type": 1,
            "api": "https://caiji.kczyapi.com/api.php/provide/vod/",
            "searchable": 1,
            "quickSearch": 1,
            "categories": [
                "国产剧",
                "战争片",
                "动作片",
                "香港剧"
            ]
        },
        {
            "key": "墨点",
            "name": "🍙墨点┃影视",
            "type": 3,
            "api": "csp_XBPQ",
            "searchable": 1,
            "quickSearch": 1,
            "filterable": 1,
            "jar": "./xyqxbpq.jar",
            "ext": {
                "作者": "🐰兔爷🐇",
                "站名": "墨点影视",
                "编码": "UTF-8",
                "请求头": "User-Agent$PC_UA",
                "主页url": "https://www.modiandy.com",
                "首页": "50",
                "起始页": "0",
                "分类url": "https://www.modiandy.com/{cateId}/page/{catePg};;mrc",
                "分类": "电影$dianying#电视剧$dianshiju#综艺$zongyi#动漫$dongman#纪录片$jilupian#微电影$weidianying#剧情片$dianying/juqing#喜剧片$dianying/xiju#爱情片$dianying/aiqing#动作片$dianying/dongzuo#恐怖片$dianying/kongbu#科幻片$dianying/kehuan#战争片$dianying/zhanzheng#悬疑片$dianying/xuanyi#犯罪片$dianying/fanzui#冒险片$dianying/maoxian#奇幻片$dianying/qihuan#西部片$dianying/xibu#历史片$dianying/lishi#同性片$dianying/tongxing#动画片$dianying/donghua#短剧$dianshiju/duanju#大陆剧$dianshiju/dalu#港台剧$dianshiju/gangtai#日韩剧$dianshiju/rihan#美剧$dianshiju/meiju#泰剧$dianshiju/taiju#海外剧$dianshiju/haiwai#大陆综艺$zongyi/dalu#港台综艺$zongyi/gangtai#日韩综艺$zongyi/rihan#欧美综艺$zongyi/oumei#其他综艺$zongyi/qita#国漫$dongman/guoman#日漫$dongman/riman#美漫$dongman/meiman#其他动漫$dongman/qita#BBC$jilupian/bbc#美食$jilupian/meishi#动物$jilupian/dongwu#历史$jilupian/lishi#军事$jilupian/junshi#人文自然$jilupian/renwenziran#华夏文明$jilupian/huaxia#体育竞赛$jilupian/jingsai#网络大电影$weidianying/wangda#短片$weidianying/duanpian#音乐MV$weidianying/yinyue#预告花絮$weidianying/yugaohuaxu",
                "数组": "<li class=\"item&&</li",
                "图片": "_src=\"&&\"",
                "标题": "alt=\"&&\"",
                "副标题": "state\">&&</span",
                "链接": "href=\"&&\"",
                "影片年代": "年份：&&</span",
                "影片地区": "地区：&&</span",
                "影片类型": "类型：&&</span",
                "状态": "rstype\">&&</span",
                "导演": "导演：&&</p",
                "主演": "主演：&&</p",
                "简介": "祝您观影愉快！🐰兔爷🐇为您介绍剧情👉-+class=\"content\">&&</p>",
                "多线数组": "class=\"item-name&&_blank",
                "多线链接": "href=\"&&\"",
                "线路数组": "<li class=\"swiper-slide&&</li",
                "线路标题": "title=\"&&\"",
                "播放数组": "<ul class=\"episodes-list&&</ul",
                "播放列表": "<li>&&</li",
                "播放标题": ">&&</a",
                "播放链接": "href=\"&&\"",
                "搜索url": "https://www.modiandy.com/search/{wd}/page/{pg}",
                "搜索模式": "1",
                "搜索数组": "<li class=\"item&&</li",
                "搜索图片": "_src=\"&&\"",
                "搜索标题": "color:red;\">&&<i",
                "搜索副标题": "rstype\">&&</p",
                "搜索链接": "href=\"&&\""
            }
        },
        {
            "key": "凯奇追剧",
            "name": "🍳凯奇┃追剧",
            "type": 3,
            "api": "csp_XBPQ",
            "jar": "./xyqxbpq.jar",
            "ext": {
                "简介": "+hl-content-text\">&&</span>",
                "分类url": "https://www.kqyy.tv/vodshow/area/{area}/class/{class}/id/{cateId}/page/{catePg}/year/{year}.html",
                "分类": "电影$dianying#连续剧$lianxuju#动漫$dongman#综艺$zongyi#短剧$duanshipin"
            }
        },
        {
            "key": "大师兄",
            "name": "💂大师兄┃影视",
            "type": 3,
            "api": "csp_XBPQ",
            "jar": "./xyqxbpq.jar",
            "ext": {
                "简介": "⚠️特别提醒您⚠️请勿相信影片中的广告，以免上当受骗❗️+剧情介绍：&&</p >",
                "分类url": "https://www.dsxysproo.com/dqvodshow/{cateId}-{area}--{class}-----{catePg}---{year}.html",
                "分类": "电视剧$2#电影$1#动漫$4#综艺$3"
            }
        },
        {
            "key": "红狐狸影院",
            "name": "🦊红狐狸┃影院",
            "type": 3,
            "api": "csp_XBPQ",
            "jar": "./xyqxbpq.jar",
            "ext": {
                "简介": "+line-height: 20px;\">&&</div>",
                "分类url": "https://honghuli.com/leibiao/{cateId}-{area}--{class}-----{catePg}---{year}.html",
                "分类": "短剧$35#电影$1#连续剧$2#动漫$4#综艺$3"
            }
        },
        {
            "key": "白嫖者",
            "name": "🐇白嫖┃影视",
            "type": 3,
            "api": "csp_XBPQ",
            "jar": "./xyqxbpq.jar",
            "ext": {
                "分类url": "https://www.qyzf88.com/qyvodshow/{cateId}-{area}-{by}-{class}-----{catePg}---{year}.html",
                "分类": "电影$1#电视剧$2#动漫$4#综艺$3",
                "副标题": "class=\"pic-text text-right\"&&</span>",
                "简介": "⚠️特别提醒您⚠️请勿相信影片中的广告，以免上当受骗❗️+剧情介绍：&&</p >"
            }
        },
        {
            "key": "天空资源",
            "name": "🔮星空┃影视",
            "type": 1,
            "api": "https://api.tiankongapi.com/api.php/provide/vod/",
            "searchable": 1,
            "quickSearch": 1,
            "playUrl": "",
            "categories": [
                "国产剧",
                "剧情片",
                "大陆综艺",
                "动作片"
            ]
        },
        {
            "key": "卫总影院",
            "name": "⛲️看正┃能量",
            "type": 3,
            "api": "csp_XBPQ",
            "jar": "./xyqxbpq.jar",
            "searchable": 1,
            "quickSearch": 1,
            "filterable": 1,
            "ext": {
                "数组": "myui-vodlist__thumb lazyload&&</a",
                "副标题": "pic-text text-right\">&&</span",
                "简介": "剧情介绍</h3>&&<div class=\"myui-panel myui-panel-bg clearfix",
                "线路数组": "<li><a href=\"\\#playlist&&</li",
                "线路标题": ">&&</a",
                "播放数组": "<ul class=\"myui-content__list sort-list&&</ul",
                "跳转播放链接": "var now=\"&&\"",
                "搜索数组": "lazyload\"&&</a",
                "搜索图片": "data-original=\"&&\"",
                "搜索标题": "title=\"&&\"",
                "搜索链接": "href=\"&&\"",
                "搜索url": "https://wzznl.buzz/search.php?page={pg}&searchword={wd}&searchtype=",
                "分类url": "https://wzznl.buzz/search.php?page={catePg}&searchtype=5&order={by}&tid={cateId}&area={area}&year={year}&letter=&yuyan={lang}&state=&money=&ver=&jq=",
                "分类": "电影$1#电视剧$2#综艺$3#动漫$4#动作片$5#爱情片$6#科幻片$7#恐怖片$8#战争片$9#喜剧片$10#纪录片$11#剧情片$12#大陆剧$13#港台剧$14#欧美剧$15#日韩剧$16"
            }
        },
        {
            "key": "cctv",
            "name": "🇨🇳央视┃大全",
            "type": 3,
            "api": "csp_CCTV",
            "jar": "./lib/HeChengChaXiu7.jar",
            "searchable": 0,
            "filterable": 0,
            "ext": "./lib/ysdq.json"
        },
        {
            "key": "py_cctv",
            "name": "🇨🇳央视┃栏目",
            "ua": "okhttp/3.15",
            "type": 3,
            "api": "py_cctv",
            "searchable": 0,
            "quickSearch": 0,
            "filterable": 1,
            "ext": "./lib/cctv.py"
        },
        {
            "key": "央视经典",
            "name": "🇨🇳央视┃经典",
            "type": 3,
            "api": "csp_Bili",
            "jar": "./lib/moyu.php;md5;be6121b5c37471b191114027123912d2",
            "searchable": 1,
            "quickSearch": 1,
            "filterable": 0,
            "ext": "http://我不是.摸鱼儿.top/api/moyu.php?file=央视经典"
        },
        {
            "key": "py_cctvdc",
            "name": "🇨🇳央视┃片库",
            "type": 3,
            "api": "py_cctv",
            "jar": "./lib/HeChengChaXiu7.jar",
            "searchable": 1,
            "quickSearch": 1,
            "filterable": 1,
            "ext": "./lib/py_cctvdc.json"
        },
        {
            "key": "T4-cntv",
            "name": "🇨🇳央视┃节目",
            "type": 4,
            "api": "https://catbox.n13.club/t4/cntv.php"
        },
        {
            "key": "T4-bmtv",
            "name": "🏧MTV┃大全",
            "type": 4,
            "api": "https://catbox.n13.club/t4/bili.php?id=bMTV"
        },
        {
            "key": "T4-tangdou",
            "name": "🍬糖豆┃广场舞",
            "type": 4,
            "api": "https://catbox.n13.club/t4/tangdou.php"
        },
        {
            "key": "相声小品",
            "name": "🏮相声┃小品",
            "type": 3,
            "api": "csp_Bili",
            "searchable": 1,
            "quickSearch": 1,
            "filterable": 1,
            "ext": "./lib/Blixs.json"
        },
        {
            "key": "戏 曲",
            "name": "🎈国粹┃戏曲",
            "type": 3,
            "api": "csp_Bili",
            "searchable": 1,
            "quickSearch": 1,
            "filterable": 1,
            "ext": "./lib/Blixq.json"
        },
        {
            "key": "女团热舞",
            "name": "💃女团┃热舞",
            "type": 3,
            "api": "csp_Bili",
            "searchable": 0,
            "quickSearch": 0,
            "filterable": 1,
            "ext": "./lib/nvtuanrewu.json"
        },
        {
            "key": "alllive",
            "name": "📽️游戏┃直播",
            "type": 3,
            "api": "csp_Alllive",
            "playerType": 2,
            "searchable": 0,
            "quickSearch": 0,
            "changeable": 0
        },
        {
            "key": "T4-qingting",
            "name": "🐝蜻蜓┃广播",
            "type": 4,
            "api": "https://catbox.n13.club/t4/qingting.php"
        },
        {
            "key": "苹果",
            "name": "🍎苹果┃换ljk播放器",
            "type": 3,
            "api": "csp_LiteApple",
            "searchable": 1,
            "quickSearch": 1,
            "changeable": 1
        }
    ],
    "logo": "https://fs-im-kefu.7moor-fs1.com/ly/4d2c3f00-7d4c-11e5-af15-41bf63ae4ea0/1716545739254/fc1b89e152cd4aa28d295107cb6c56c9.gif",
    "lives": [
        {
            "name": "live",
            "type": 0,
            "url": "aHR0cDovLzU1MC4zdmNuLndvcmsvanl0di5qc29u",
            "playerType": 1,
            "ua": "okhttp/3.15",
            "epg": "http://epg.112114.xyz/?ch={name}&date={date}",
            "logo": "https://epg.112114.xyz/logo/{name}.png"
        }
    ]
}