{
	"spider": "./蓝天白云.txt;md5;329e914a90b0bb5c7cb69b0eaec19700",
	"wallpaper": "https://gitee.com/ltby1/vip/raw/master/蓝天白云.jpg",
	"sites": [
		{
			"key": "mgsp3",
			"name": "🌼蓝天┃恢复",
			"type": 3,
			"api": "https://gitee.com/ltby1/one/raw/master/lib/drpy2.min.js",
			"searchable": 1,
			"quickSearch": 1,
			"filterable": 1,
			"ext": "https://gitee.com/ltby1/spare/raw/master/lib/芒果4k弹幕.js"
		},
		{
			"key": "90",
			"name": "🌼蓝天┃90",
			"type": 1,
			"api": "https://90sr.com/api.php/provide/vod/?ac=list",
			"searchable": 1,
			"quickSearch": 1,
			"playurl": "https://jsjiexi.com/play/?url=",
			"categories": [
				"电影",
				"连续剧",
				"综艺",
				"动漫",
				"短剧"
			]
		},
		{
			"key": "ֱ直播转点播",
			"name": "磁力点播",
			"type": 3,
			"api": "https://gitee.com/ltby1/spare/raw/master/lib/电转点播.js",
			"searchable": 1,
			"quickSearch": 0,
			"filterable": 0,
			"ext": "https://gitee.com/ltby1/spare/raw/master/lib/点播.json"
		},
		{
			"key": "saohuo",
			"name": "🌼蓝天┃烧火",
			"type": 3,
			"searchable": 1,
			"changeable": 1,
			"jar": "https://jihulab.com/xiaohutx/meisha/-/raw/main/1.jar",
			"api": "csp_XBPQ",
			"ext": {
				"嗅探词": ".m3u8#.mp4#.m3u8?#freeok.mp4",
				"分类url": "https://shdy2.com/list/{cateId}-{catePg}.html;;vr1au0",
				"分类": "电影$1#电视剧$2#韩剧$22#美剧$23#动漫$4",
				"数组二次截取": "class=\"v_list\">&&</ul>",
				"数组": "\"v_img\"&&/div>",
				"标题": "title=\"&&\"",
				"副标题": "v_note\"&&</div",
				"跳转播放链接": "<iframe*src=\"&&\"",
				"二次跳转播放链接": "https://hhjx.hhplayer.com/api.php;post;url=+var url*\"&&\"+&t=+var t*\"&&\"+&key=+var key*\"&&\"+&act=0+&play=1",
				"三次跳转播放链接": "\"url\"*\"&&\""
			}
		},
		{
			"key": "lvdou",
			"name": "🌼蓝天┃xgj",
			"type": 3,
			"api": "csp_AppYsV2",
			"jar": "http://xgj.83mi.cn/uploads/tvbox/default.jar",
			"searchable": 1,
			"quickSearch": 1,
			"filterable": 1,
			"ext": "http://43.248.100.135:7070/api.php/app/"
		},
		{
			"key": "网站",
			"name": "🌼蓝天┃网站",
			"type": 1,
			"api": "http://172.245.26.73:88/api.php/provide/vod/?ac=list",
			"searchable": 1,
			"quickSearch": 1,
			"playurl": "http://110.40.85.39:81/jxx/api.php?url=",
			"categories": [
				"蓝天白云电影",
				"蓝天白云综艺",
				"蓝天白云动漫",
				"蓝天白云电视剧"
			]
		},
		{
			"key": "6云",
			"name": "🌼蓝天┃6云",
			"type": 1,
			"api": "https://vrboly.xyz/api.php/provide/vod/?ac=list",
			"searchable": 1,
			"quickSearch": 1,
			"playurl": "https://jsjiexi.com/play/?url=",
			"categories": [
				"大陆综艺",
				"科幻片",
				"动漫片",
				"甜妹区",
				"短剧"
			]
		},
		{
			"key": "音乐",
			"name": "🌼蓝天┃音乐",
			"type": 3,
			"api": "https://gitee.com/ltby1/one/raw/master/lib/drpy2.min.js",
			"ext": "https://codeberg.org/jixiejishu/one/raw/branch/main/js/tzfile.js"
		},
		{
			"key": "蓝天白云无敌",
			"name": "🌼蓝天┃磁力",
			"type": 3,
			"api": "https://gitee.com/ltby1/one/raw/master/lib/drpy2.min.js",
			"ext": "https://gitee.com/ltby1/spare/raw/master/lib/磁力熊2.js"
		},
		{
			"key": "蓝天┃无敌",
			"name": "🌼蓝天┃无敌",
			"type": 3,
			"api": "https://gitee.com/ltby1/one/raw/master/lib/drpy2.min.js",
			"ext": "https://10085.kstore.space/lib/厂长资源(可搜索)2.js"
		},
		{
			"key": "蓝天┃无为",
			"name": "🌼蓝天┃无为",
			"type": 3,
			"api": "https://gitee.com/ltby1/one/raw/master/lib/drpy2.min.js",
			"ext": "https://gitee.com/ltby1/spare/raw/master/lib/555.js"
		},
		{
			"key": "魔力",
			"name": "🌼蓝天┃魔力",
			"type": 3,
			"api": "https://gitee.com/ltby1/one/raw/master/lib/drpy2.min.js",
			"ext": "https://10085.kstore.space/lib/魔力高清.js"
		},
		{
			"key": "奇珍异兽",
			"name": "🌼蓝天┃奇艺",
			"type": 3,
			"api": "https://gitee.com/ltby1/one/raw/master/lib/drpy2.min.js",
			"ext": "https://gitee.com/ltby1/tea/raw/master/lib/奇珍异兽.js"
		},
		{
			"key": "豆瓣",
			"name": "🌼蓝天┃豆瓣1",
			"type": 3,
			"api": "https://gitee.com/ltby1/one/raw/master/lib/drpy2.min.js",
			"searchable": 0,
			"changeable": 1,
			"ext": "https://gitee.com/ltby1/tea/raw/master/lib/douban.js"
		},
		{
			"key": "360蓝天",
			"name": "🌼蓝天┃3602",
			"type": 3,
			"api": "https://gitee.com/ltby1/one/raw/master/lib/drpy2.min.js",
			"ext": "https://gitee.com/ltby1/tea/raw/master/lib/360.js"
		},
		{
			"key": "小米2",
			"name": "🌼蓝天┃小米2",
			"type": 3,
			"api": "https://gitee.com/ltby1/one/raw/master/lib/drpy2.min.js",
			"ext": "https://gitee.com/ltby1/spare/raw/master/lib/xiongmao.js"
		},
		{
			"key": "荐片",
			"name": "🌼蓝天┃荐片",
			"type": 3,
			"searchable": 1,
			"quickSearch": 1,
			"changeable": 1,
			"playerType": "1",
			"api": "https://gitee.com/ltby1/one/raw/master/lib/drpy2.min.js",
			"ext": "https://gitee.com/ltby1/tea/raw/master/lib/jp.js"
		},
		{
			"key": "低端",
			"name": "🌼蓝天┃低端",
			"type": 3,
			"searchable": 1,
			"quickSearch": 1,
			"filterable": 1,
			"api": "https://gitee.com/ltby1/one/raw/master/lib/drpy2.min.js",
			"ext": "https://gitee.com/ltby1/tea/raw/master/lib/ddys.js",
			"timeout": 15
		},
		{
			"key": "极速",
			"name": "🌼蓝天┃极速",
			"type": 1,
			"api": "https://jszyapi.com/api.php/provide/vod",
			"searchable": 1,
			"quickSearch": 1,
			"playurl": "https://jsjiexi.com/play/?url=",
			"categories": [
				"动作片",
				"喜剧片",
				"科幻片",
				"恐怖片",
				"爱情片",
				"剧情片",
				"战争片",
				"记录片",
				"国产剧",
				"欧美剧",
				"香港剧",
				"韩国剧",
				"台湾剧",
				"日本剧",
				"海外剧",
				"泰国剧",
				"国产动漫",
				"日韩动漫",
				"欧美动漫",
				"港台动漫",
				"海外动漫",
				"大陆综艺",
				"港台综艺",
				"日韩综艺",
				"欧美综艺",
				"伦理片"
			]
		},
		{
			"key": "非凡",
			"name": "🌼蓝天┃非凡",
			"type": 1,
			"api": "http://api.ffzyapi.com/api.php/provide/vod",
			"searchable": 1,
			"quickSearch": 1,
			"playurl": "https://svip.ffzyplay.com/?url=",
			"categories": [
				"喜剧片",
				"科幻片",
				"恐怖片",
				"爱情片",
				"剧情片",
				"战争片",
				"记录片",
				"国产剧",
				"欧美剧",
				"香港剧",
				"韩国剧",
				"台湾剧",
				"日本剧",
				"海外剧",
				"泰国剧",
				"国产动漫",
				"日韩动漫",
				"欧美动漫",
				"港台动漫",
				"海外动漫",
				"大陆综艺",
				"港台综艺",
				"日韩综艺",
				"欧美综艺"
			]
		},
		{
			"key": "牛牛",
			"name": "🌼蓝天┃牛牛",
			"type": 1,
			"api": "https://niuniuzy3.com/api.php/provide/vod",
			"searchable": 1,
			"quickSearch": 1,
			"playurl": "https://jiexi.niuniuzy.org/m3u8/?url=",
			"categories": [
				"喜剧片",
				"科幻片",
				"恐怖片",
				"爱情片",
				"剧情片",
				"战争片",
				"记录片",
				"国产剧",
				"欧美剧",
				"香港剧",
				"韩国剧",
				"台湾剧",
				"日本剧",
				"海外剧",
				"泰国剧",
				"国产动漫",
				"日韩动漫",
				"欧美动漫",
				"港台动漫",
				"海外动漫",
				"大陆综艺",
				"港台综艺",
				"日韩综艺",
				"欧美综艺"
			]
		},
		{
			"key": "华为",
			"name": "🌼蓝天┃华为",
			"type": 1,
			"api": "https://huaweiba.live/api.php/provide/vod",
			"searchable": 1,
			"quickSearch": 1,
			"playurl": "https://player.hw8.lol/player?url=",
			"categories": [
				"喜剧片",
				"科幻片",
				"恐怖片",
				"爱情片",
				"剧情片",
				"战争片",
				"记录片",
				"国产剧",
				"欧美剧",
				"香港剧",
				"韩国剧",
				"台湾剧",
				"日本剧",
				"海外剧",
				"泰国剧",
				"国产动漫",
				"日韩动漫",
				"欧美动漫",
				"港台动漫",
				"海外动漫",
				"大陆综艺",
				"港台综艺",
				"日韩综艺",
				"欧美综艺"
			]
		},
		{
			"key": "360",
			"name": "🌼蓝天┃360",
			"type": 1,
			"api": "https://360zy.com/api.php/provide/vod",
			"searchable": 1,
			"quickSearch": 1,
			"playurl": "https://www.360jiexi.com/player/?url=",
			"categories": [
				"喜剧片",
				"科幻片",
				"恐怖片",
				"爱情片",
				"剧情片",
				"战争片",
				"记录片",
				"国产剧",
				"欧美剧",
				"香港剧",
				"韩国剧",
				"台湾剧",
				"日本剧",
				"海外剧",
				"泰国剧",
				"国产动漫",
				"日韩动漫",
				"欧美动漫",
				"港台动漫",
				"海外动漫",
				"大陆综艺",
				"港台综艺",
				"日韩综艺",
				"欧美综艺"
			]
		},
		{
			"key": "快看",
			"name": "🌼蓝天┃快看",
			"type": 1,
			"api": "https://kuaikanzy.net/api.php/provide/vod",
			"searchable": 1,
			"quickSearch": 1,
			"playurl": "https://kkzyplayer.com/player/?url=",
			"categories": [
				"喜剧片",
				"科幻片",
				"恐怖片",
				"爱情片",
				"剧情片",
				"战争片",
				"记录片",
				"国产剧",
				"欧美剧",
				"香港剧",
				"韩国剧",
				"台湾剧",
				"日本剧",
				"海外剧",
				"泰国剧",
				"国产动漫",
				"日韩动漫",
				"欧美动漫",
				"港台动漫",
				"海外动漫",
				"大陆综艺",
				"港台综艺",
				"日韩综艺",
				"欧美综艺"
			]
		},
		{
			"key": "虎牙",
			"name": "🌼蓝天┃虎牙",
			"type": 1,
			"api": "https://www.huyaapi.com/api.php/provide/vod/",
			"searchable": 1,
			"quickSearch": 1,
			"playurl": "https://huyajx.com/play?url=",
			"categories": [
				"喜剧片",
				"科幻片",
				"恐怖片",
				"爱情片",
				"剧情片",
				"战争片",
				"记录片",
				"国产剧",
				"欧美剧",
				"香港剧",
				"韩国剧",
				"台湾剧",
				"日本剧",
				"海外剧",
				"泰国剧",
				"国产动漫",
				"日韩动漫",
				"欧美动漫",
				"港台动漫",
				"海外动漫",
				"大陆综艺",
				"港台综艺",
				"日韩综艺",
				"欧美综艺"
			]
		},
		{
			"key": "魔都",
			"name": "🌼蓝天┃魔都",
			"type": 1,
			"api": "https://moduzy1.com/api.php/provide/vod",
			"searchable": 1,
			"quickSearch": 1,
			"playurl": "https://jiexi.modujx01.com/?url=",
			"categories": [
				"喜剧片",
				"科幻片",
				"恐怖片",
				"爱情片",
				"剧情片",
				"战争片",
				"记录片",
				"国产剧",
				"欧美剧",
				"香港剧",
				"韩国剧",
				"台湾剧",
				"日本剧",
				"海外剧",
				"泰国剧",
				"国产动漫",
				"日韩动漫",
				"欧美动漫",
				"港台动漫",
				"海外动漫",
				"大陆综艺",
				"港台综艺",
				"日韩综艺",
				"欧美综艺"
			]
		},
		{
			"key": "飘花",
			"name": "🌼蓝天┃飘花",
			"type": 1,
			"api": "http://www.ahjiuman.com/api.php/provide/vod/at/json",
			"searchable": 1,
			"quickSearch": 1,
			"playurl": "https://svip.ffzyplay.com/?url=",
			"categories": [
				"喜剧片",
				"科幻片",
				"恐怖片",
				"爱情片",
				"剧情片",
				"战争片",
				"记录片",
				"国产剧",
				"欧美剧",
				"香港剧",
				"韩国剧",
				"台湾剧",
				"日本剧",
				"海外剧",
				"泰国剧",
				"国产动漫",
				"日韩动漫",
				"欧美动漫",
				"港台动漫",
				"海外动漫",
				"大陆综艺",
				"港台综艺",
				"日韩综艺",
				"欧美综艺"
			]
		},
		{
			"key": "樱花",
			"name": "🌼蓝天┃樱花",
			"type": 1,
			"api": "https://m3u8.apiyhzy.com/api.php/provide/vod/",
			"searchable": 1,
			"quickSearch": 1,
			"playurl": "https://jx.nnxv.cn/tv.php?url=",
			"categories": [
				"喜剧片",
				"科幻片",
				"恐怖片",
				"爱情片",
				"剧情片",
				"战争片",
				"记录片",
				"国产剧",
				"欧美剧",
				"香港剧",
				"韩国剧",
				"台湾剧",
				"日本剧",
				"海外剧",
				"泰国剧",
				"国产动漫",
				"日韩动漫",
				"欧美动漫",
				"港台动漫",
				"海外动漫",
				"大陆综艺",
				"港台综艺",
				"日韩综艺",
				"欧美综艺"
			]
		},
		{
			"key": "红牛",
			"name": "🌼蓝天┃红牛",
			"type": 1,
			"api": "https://www.hongniuzy2.com/api.php/provide/vod/",
			"searchable": 1,
			"quickSearch": 1,
			"playurl": "https://svip.ffzyplay.com/?url=",
			"categories": [
				"喜剧片",
				"科幻片",
				"恐怖片",
				"爱情片",
				"剧情片",
				"战争片",
				"记录片",
				"国产剧",
				"欧美剧",
				"香港剧",
				"韩国剧",
				"台湾剧",
				"日本剧",
				"海外剧",
				"泰国剧",
				"国产动漫",
				"日韩动漫",
				"欧美动漫",
				"港台动漫",
				"海外动漫",
				"大陆综艺",
				"港台综艺",
				"日韩综艺",
				"欧美综艺"
			]
		},
		{
			"key": "快车",
			"name": "🌼蓝天┃快车",
			"type": 1,
			"api": "https://caiji.kczyapi.com/api.php/provide/vod/",
			"searchable": 1,
			"quickSearch": 1,
			"playurl": "https://jiexi.kczyapi.com/m3u8/?url=",
			"categories": [
				"科幻片",
				"恐怖片",
				"爱情片",
				"剧情片",
				"战争片",
				"记录片",
				"国产剧",
				"欧美剧",
				"香港剧",
				"韩国剧",
				"台湾剧",
				"日本剧",
				"海外剧",
				"泰国剧",
				"国产动漫",
				"日韩动漫",
				"欧美动漫",
				"港台动漫",
				"海外动漫",
				"大陆综艺",
				"港台综艺",
				"日韩综艺",
				"欧美综艺"
			]
		},
		{
			"key": "暴风",
			"name": "🌼蓝天┃暴风",
			"type": 1,
			"api": "https://bfzyapi.com/api.php/provide/vod/",
			"searchable": 1,
			"quickSearch": 1,
			"playurl": "https://jx.nnxv.cn/tv.php?url=",
			"categories": [
				"喜剧片",
				"科幻片",
				"恐怖片",
				"爱情片",
				"剧情片",
				"战争片",
				"记录片",
				"国产剧",
				"欧美剧",
				"香港剧",
				"韩国剧",
				"台湾剧",
				"日本剧",
				"海外剧",
				"泰国剧",
				"国产动漫",
				"日韩动漫",
				"欧美动漫",
				"港台动漫",
				"海外动漫",
				"大陆综艺",
				"港台综艺",
				"日韩综艺",
				"欧美综艺"
			]
		},
		{
			"key": "索尼",
			"name": "🌼蓝天┃索尼",
			"type": 1,
			"api": "https://suoniapi.com/api.php/provide/vod/",
			"searchable": 1,
			"quickSearch": 1,
			"playurl": "https://jx.nnxv.cn/tv.php?url=",
			"categories": [
				"喜剧片",
				"科幻片",
				"恐怖片",
				"爱情片",
				"剧情片",
				"战争片",
				"记录片",
				"国产剧",
				"欧美剧",
				"香港剧",
				"韩国剧",
				"台湾剧",
				"日本剧",
				"海外剧",
				"泰国剧",
				"国产动漫",
				"日韩动漫",
				"欧美动漫",
				"港台动漫",
				"海外动漫",
				"大陆综艺",
				"港台综艺",
				"日韩综艺",
				"欧美综艺"
			]
		},
		{
			"key": "丫丫",
			"name": "🌼蓝天┃丫丫",
			"type": 1,
			"api": "https://cj.yayazy.net/api.php/provide/vod/",
			"searchable": 1,
			"quickSearch": 1,
			"playurl": "https://jx.nnxv.cn/tv.php?url=",
			"categories": [
				"喜剧片",
				"科幻片",
				"恐怖片",
				"爱情片",
				"剧情片",
				"战争片",
				"记录片",
				"国产剧",
				"欧美剧",
				"香港剧",
				"韩国剧",
				"台湾剧",
				"日本剧",
				"海外剧",
				"泰国剧",
				"国产动漫",
				"日韩动漫",
				"欧美动漫",
				"港台动漫",
				"海外动漫",
				"大陆综艺",
				"港台综艺",
				"日韩综艺",
				"欧美综艺"
			]
		},
		{
			"key": "黄人",
			"name": "🌼蓝天┃黄人",
			"type": 1,
			"api": "https://iqyi.xiaohuangrentv.com/api.php/provide/vod/",
			"searchable": 1,
			"quickSearch": 1,
			"playurl": "https://jx.nnxv.cn/tv.php?url=",
			"categories": [
				"电视剧",
				"喜剧片",
				"科幻片",
				"恐怖片",
				"爱情片",
				"剧情片",
				"战争片",
				"记录片",
				"国产剧",
				"欧美剧",
				"香港剧",
				"韩国剧",
				"台湾剧",
				"日本剧",
				"海外剧",
				"泰国剧",
				"国产动漫",
				"日韩动漫",
				"欧美动漫",
				"港台动漫",
				"海外动漫",
				"大陆综艺",
				"港台综艺",
				"日韩综艺",
				"欧美综艺"
			]
		},
		{
			"key": "OK",
			"name": "🌼蓝天┃OK",
			"type": 1,
			"api": "https://okzyw9.com/api.php/provide/vod/",
			"searchable": 1,
			"quickSearch": 1,
			"playurl": "https://jiexi.okzyw.info/m3u8/?url=",
			"categories": [
				"电视剧",
				"喜剧片",
				"科幻片",
				"恐怖片",
				"爱情片",
				"剧情片",
				"战争片",
				"记录片",
				"国产剧",
				"欧美剧",
				"香港剧",
				"韩国剧",
				"台湾剧",
				"日本剧",
				"海外剧",
				"泰国剧",
				"国产动漫",
				"日韩动漫",
				"欧美动漫",
				"港台动漫",
				"海外动漫",
				"大陆综艺",
				"港台综艺",
				"日韩综艺",
				"欧美综艺"
			]
		},
		{
			"key": "猫咪",
			"name": "🌼蓝天┃猫咪",
			"type": 1,
			"api": "http://zy.xiaomaomi.cc/api.php/provide/vod/?ac=list",
			"searchable": 1,
			"quickSearch": 1,
			"playurl": "https://jx.nnxv.cn/tv.php?url=",
			"categories": [
				"电影",
				"成人",
				"科幻片",
				"恐怖片",
				"爱情片",
				"剧情片",
				"战争片",
				"记录片",
				"国产剧",
				"欧美剧",
				"香港剧",
				"韩国剧",
				"台湾剧",
				"日本剧",
				"海外剧",
				"泰国剧",
				"国产动漫",
				"日韩动漫",
				"欧美动漫",
				"港台动漫",
				"海外动漫",
				"大陆综艺",
				"港台综艺",
				"日韩综艺",
				"欧美综艺"
			]
		},
		{
			"key": "黑木",
			"name": "🌼蓝天┃黑木",
			"type": 1,
			"api": "https://www.heimuer.tv/api.php/provide/vod",
			"searchable": 1,
			"quickSearch": 1,
			"playurl": "https://jx.nnxv.cn/tv.php?url=",
			"categories": [
				"电视剧",
				"喜剧片",
				"科幻片",
				"恐怖片",
				"爱情片",
				"剧情片",
				"战争片",
				"记录片",
				"国产剧",
				"欧美剧",
				"香港剧",
				"韩国剧",
				"台湾剧",
				"日本剧",
				"海外剧",
				"泰国剧",
				"国产动漫",
				"日韩动漫",
				"欧美动漫",
				"港台动漫",
				"海外动漫",
				"大陆综艺",
				"港台综艺",
				"日韩综艺",
				"欧美综艺"
			]
		},
		{
			"key": "豪华",
			"name": "🌼蓝天┃豪华",
			"type": 1,
			"api": "https://www.haohuazy.com/api.php/provide/vod",
			"searchable": 1,
			"quickSearch": 1,
			"playurl": "https://hhjiexi.com/play/?url=",
			"categories": [
				"动作片",
				"喜剧片",
				"科幻片",
				"恐怖片",
				"爱情片",
				"剧情片",
				"战争片",
				"记录片",
				"国产剧",
				"欧美剧",
				"香港剧",
				"韩国剧",
				"台湾剧",
				"日本剧",
				"海外剧",
				"泰国剧",
				"国产动漫",
				"日韩动漫",
				"欧美动漫",
				"港台动漫",
				"海外动漫",
				"大陆综艺",
				"港台综艺",
				"日韩综艺",
				"欧美综艺"
			]
		},
		{
			"key": "卧龙",
			"name": "🌼蓝天┃卧龙",
			"type": 1,
			"api": "https://collect.wolongzy.cc/api.php/provide/vod/",
			"searchable": 1,
			"quickSearch": 1,
			"playurl": "https://jx.wolongm3u8.com:65/m3u8.php?url=",
			"categories": [
				"动作片",
				"喜剧片",
				"科幻片",
				"恐怖片",
				"爱情片",
				"剧情片",
				"战争片",
				"记录片",
				"国产剧",
				"欧美剧",
				"香港剧",
				"韩国剧",
				"台湾剧",
				"日本剧",
				"海外剧",
				"泰国剧",
				"国产动漫",
				"日韩动漫",
				"欧美动漫",
				"港台动漫",
				"海外动漫",
				"大陆综艺",
				"港台综艺",
				"日韩综艺",
				"欧美综艺"
			]
		},
		{
			"key": "百度",
			"name": "🌼蓝天┃百度",
			"type": 1,
			"api": "https://api.apibdzy.com/api.php/provide/vod/",
			"searchable": 1,
			"quickSearch": 1,
			"playurl": "https://jx.jxbdzyw.com/m3u8/?url=",
			"categories": [
				"动作片",
				"喜剧片",
				"科幻片",
				"恐怖片",
				"爱情片",
				"剧情片",
				"战争片",
				"记录片",
				"国产剧",
				"欧美剧",
				"香港剧",
				"韩国剧",
				"台湾剧",
				"日本剧",
				"海外剧",
				"泰国剧",
				"国产动漫",
				"日韩动漫",
				"欧美动漫",
				"港台动漫",
				"海外动漫",
				"大陆综艺",
				"港台综艺",
				"日韩综艺",
				"欧美综艺"
			]
		},
		{
			"key": "最大",
			"name": "🌼蓝天┃最大",
			"type": 1,
			"api": "https://zuidazy.me/api.php/provide/vod/",
			"searchable": 1,
			"quickSearch": 1,
			"playurl": "https://jx.zuidplay.com/m3u8Player/?url=",
			"categories": [
				"喜剧片",
				"科幻片",
				"恐怖片",
				"爱情片",
				"剧情片",
				"战争片",
				"记录片",
				"国产剧",
				"欧美剧",
				"香港剧",
				"韩国剧",
				"台湾剧",
				"日本剧",
				"海外剧",
				"泰国剧",
				"国产动漫",
				"日韩动漫",
				"欧美动漫",
				"港台动漫",
				"海外动漫",
				"大陆综艺",
				"港台综艺",
				"日韩综艺",
				"欧美综艺"
			]
		},
		{
			"key": "新浪",
			"name": "🌼蓝天┃新浪",
			"type": 1,
			"api": "https://api.xinlangapi.com/xinlangapi.php/provide/vod/",
			"searchable": 1,
			"quickSearch": 1,
			"playurl": "https://www.xinlangjiexi.com/m3u8/?url=",
			"categories": [
				"动作片",
				"喜剧片",
				"科幻片",
				"恐怖片",
				"爱情片",
				"剧情片",
				"战争片",
				"记录片",
				"国产剧",
				"欧美剧",
				"香港剧",
				"韩国剧",
				"台湾剧",
				"日本剧",
				"海外剧",
				"泰国剧",
				"国产动漫",
				"日韩动漫",
				"欧美动漫",
				"港台动漫",
				"海外动漫",
				"大陆综艺",
				"港台综艺",
				"日韩综艺",
				"欧美综艺"
			]
		},
		{
			"key": "U酷",
			"name": "🌼蓝天┃U酷",
			"type": 1,
			"api": "https://api.ukuapi.com/api.php/provide/vod/",
			"searchable": 1,
			"quickSearch": 1,
			"playurl": "https://api.ukubf.com/m3u8/?url=",
			"categories": [
				"动作片",
				"喜剧片",
				"科幻片",
				"恐怖片",
				"爱情片",
				"剧情片",
				"战争片",
				"记录片",
				"国产剧",
				"欧美剧",
				"香港剧",
				"韩国剧",
				"台湾剧",
				"日本剧",
				"海外剧",
				"泰国剧",
				"国产动漫",
				"日韩动漫",
				"欧美动漫",
				"港台动漫",
				"海外动漫",
				"大陆综艺",
				"港台综艺",
				"日韩综艺",
				"欧美综艺"
			]
		},
		{
			"key": "闪电",
			"name": "🌼蓝天┃闪电",
			"type": 1,
			"api": "https://xsd.sdzyapi.com/api.php/provide/vod/",
			"searchable": 1,
			"quickSearch": 1,
			"playurl": "https://www.shankubf.com/m3u8/?url=",
			"categories": [
				"动作片",
				"喜剧片",
				"科幻片",
				"恐怖片",
				"爱情片",
				"剧情片",
				"战争片",
				"记录片",
				"国产剧",
				"欧美剧",
				"香港剧",
				"韩国剧",
				"台湾剧",
				"日本剧",
				"海外剧",
				"泰国剧",
				"国产动漫",
				"日韩动漫",
				"欧美动漫",
				"港台动漫",
				"海外动漫",
				"大陆综艺",
				"港台综艺",
				"日韩综艺",
				"欧美综艺"
			]
		},
		{
			"key": "飞速",
			"name": "🌼蓝天┃飞速",
			"type": 1,
			"api": "https://www.feisuzyapi.com/api.php/provide/vod/",
			"searchable": 1,
			"quickSearch": 1,
			"playurl": "https://www.feisuplayer.com/m3u8/?url=",
			"categories": [
				"动作片",
				"喜剧片",
				"科幻片",
				"恐怖片",
				"爱情片",
				"剧情片",
				"战争片",
				"记录片",
				"国产剧",
				"欧美剧",
				"香港剧",
				"韩国剧",
				"台湾剧",
				"日本剧",
				"海外剧",
				"泰国剧",
				"国产动漫",
				"日韩动漫",
				"欧美动漫",
				"港台动漫",
				"海外动漫",
				"大陆综艺",
				"港台综艺",
				"日韩综艺",
				"欧美综艺"
			]
		},
		{
			"key": "红牛",
			"name": "🌼蓝天┃红牛",
			"type": 1,
			"api": "https://www.hongniuzy2.com/api.php/provide/vod/",
			"searchable": 1,
			"quickSearch": 1,
			"playurl": "https://www.hnjiexi.com/m3u8/?url=",
			"categories": [
				"动作片",
				"喜剧片",
				"科幻片",
				"恐怖片",
				"爱情片",
				"剧情片",
				"战争片",
				"记录片",
				"国产剧",
				"欧美剧",
				"香港剧",
				"韩国剧",
				"台湾剧",
				"日本剧",
				"海外剧",
				"泰国剧",
				"国产动漫",
				"日韩动漫",
				"欧美动漫",
				"港台动漫",
				"海外动漫",
				"大陆综艺",
				"港台综艺",
				"日韩综艺",
				"欧美综艺"
			]
		},
		{
			"key": "优质",
			"name": "🌼蓝天┃优质",
			"type": 1,
			"api": "https://api.1080zyku.com/inc/apijson.php",
			"searchable": 1,
			"quickSearch": 1,
			"playurl": "https://vip.zykbf.com/?url=",
			"categories": [
				"动作片",
				"喜剧片",
				"科幻片",
				"恐怖片",
				"爱情片",
				"剧情片",
				"战争片",
				"记录片",
				"国产剧",
				"欧美剧",
				"香港剧",
				"韩国剧",
				"台湾剧",
				"日本剧",
				"海外剧",
				"泰国剧",
				"国产动漫",
				"日韩动漫",
				"欧美动漫",
				"港台动漫",
				"海外动漫",
				"大陆综艺",
				"港台综艺",
				"日韩综艺",
				"欧美综艺"
			]
		},
		{
			"key": "量子",
			"name": "🌼蓝天┃量子",
			"type": 1,
			"api": "https://cj.lziapi.com/api.php/provide/vod/",
			"searchable": 1,
			"quickSearch": 1,
			"playurl": "https://jx.nnxv.cn/tv.php?url=",
			"categories": [
				"动作片",
				"喜剧片",
				"科幻片",
				"恐怖片",
				"爱情片",
				"剧情片",
				"战争片",
				"记录片",
				"国产剧",
				"欧美剧",
				"香港剧",
				"韩国剧",
				"台湾剧",
				"日本剧",
				"海外剧",
				"泰国剧",
				"国产动漫",
				"日韩动漫",
				"欧美动漫",
				"港台动漫",
				"海外动漫",
				"大陆综艺",
				"港台综艺",
				"日韩综艺",
				"欧美综艺"
			]
		},
		{
			"key": "天空",
			"name": "🌼蓝天┃天空",
			"type": 1,
			"api": "https://api.tiankongapi.com/api.php/provide/vod/",
			"searchable": 1,
			"quickSearch": 1,
			"playurl": "https://jx.huishij.com/yun/?url=",
			"categories": [
				"动作片",
				"喜剧片",
				"科幻片",
				"恐怖片",
				"爱情片",
				"剧情片",
				"战争片",
				"记录片",
				"国产剧",
				"欧美剧",
				"香港剧",
				"韩国剧",
				"台湾剧",
				"日本剧",
				"海外剧",
				"泰国剧",
				"国产动漫",
				"日韩动漫",
				"欧美动漫",
				"港台动漫",
				"海外动漫",
				"大陆综艺",
				"港台综艺",
				"日韩综艺",
				"欧美综艺"
			]
		},
		{
			"key": "光速",
			"name": "🌼蓝天┃光速",
			"type": 1,
			"api": "https://api.guangsuapi.com/api.php/provide/vod/",
			"searchable": 1,
			"quickSearch": 1,
			"playurl": "https://www.gszyv.com/m3u8/?url=",
			"categories": [
				"动作片",
				"喜剧片",
				"科幻片",
				"恐怖片",
				"爱情片",
				"剧情片",
				"战争片",
				"记录片",
				"国产剧",
				"欧美剧",
				"香港剧",
				"韩国剧",
				"台湾剧",
				"日本剧",
				"海外剧",
				"泰国剧",
				"国产动漫",
				"日韩动漫",
				"欧美动漫",
				"港台动漫",
				"海外动漫",
				"大陆综艺",
				"港台综艺",
				"日韩综艺",
				"欧美综艺"
			]
		},
		{
			"key": "无尽",
			"name": "🌼蓝天┃无尽",
			"type": 1,
			"api": "https://api.wujinapi.me/api.php/provide/vod/",
			"searchable": 1,
			"quickSearch": 1,
			"playurl": "https://jx.wujinkk.com/dplayer/?url=",
			"categories": [
				"动作片",
				"喜剧片",
				"科幻片",
				"恐怖片",
				"爱情片",
				"剧情片",
				"战争片",
				"记录片",
				"国产剧",
				"欧美剧",
				"香港剧",
				"韩国剧",
				"台湾剧",
				"日本剧",
				"海外剧",
				"泰国剧",
				"国产动漫",
				"日韩动漫",
				"欧美动漫",
				"港台动漫",
				"海外动漫",
				"大陆综艺",
				"港台综艺",
				"日韩综艺",
				"欧美综艺"
			]
		},
		{
			"key": "爱坤",
			"name": "🌼蓝天┃爱坤",
			"type": 1,
			"api": "https://ikunzyapi.com/api.php/provide/vod",
			"searchable": 1,
			"quickSearch": 1,
			"playurl": "https://www.ikdmjx.com/?url=",
			"categories": [
				"动作片",
				"喜剧片",
				"科幻片",
				"恐怖片",
				"爱情片",
				"剧情片",
				"战争片",
				"记录片",
				"国产剧",
				"欧美剧",
				"香港剧",
				"韩国剧",
				"台湾剧",
				"日本剧",
				"海外剧",
				"泰国剧",
				"国产动漫",
				"日韩动漫",
				"欧美动漫",
				"港台动漫",
				"海外动漫",
				"大陆综艺",
				"港台综艺",
				"日韩综艺",
				"欧美综艺"
			]
		},
		{
			"key": "玩偶",
			"name": "🌼蓝天┃玩偶",
			"type": 3,
			"api": "csp_WoGG",
			"searchable": 1,
			"quickSearch": 1,
			"changeable": 0,
			"ext": "http://127.0.0.1:9978/file/tvbox/token.txt"
		},
		{
			"key": "YGP",
			"name": "🌼蓝天┃叨观",
			"type": 3,
			"api": "csp_YGP",
			"searchable": 0,
			"quickSearch": 0,
			"changeable": 0
		},
		{
			"key": "米搜",
			"name": "🌼蓝天┃小米",
			"type": 3,
			"api": "csp_MIPanSo",
			"searchable": 1,
			"quickSearch": 1,
			"changeable": 0,
			"ext": {
				"Cloud-drive": "tvfan/Cloud-drive.txt",
				"from": "4k|auto"
			}
		},
		{
			"key": "抠搜",
			"name": "🌼蓝天┃抠搜",
			"type": 3,
			"api": "csp_KkSs",
			"searchable": 1,
			"quickSearch": 1,
			"changeable": 0,
			"ext": {
				"Cloud-drive": "tvfan/Cloud-drive.txt",
				"from": "4k|auto"
			}
		},
		{
			"key": "Lib",
			"name": "🌼蓝天┃立播",
			"type": 3,
			"api": "csp_Libvio",
			"searchable": 1,
			"quickSearch": 1,
			"changeable": 1,
			"ext": {
				"Cloud-drive": "tvfan/Cloud-drive.txt",
				"from": "4k|auto"
			}
		},
		{
			"key": "酷看",
			"name": "🌼蓝天┃酷看",
			"type": 3,
			"api": "csp_Kkys",
			"timeout": 15,
			"searchable": 1,
			"quickSearch": 1,
			"changeable": 1
		},
		{
			"key": "文采",
			"name": "🌼蓝天┃文采",
			"type": 3,
			"api": "csp_Jpys",
			"playerType": 2,
			"searchable": 1,
			"quickSearch": 1,
			"changeable": 1
		},
		{
			"key": "苹果",
			"name": "🌼蓝天┃苹果",
			"type": 3,
			"api": "csp_LiteApple",
			"searchable": 1,
			"quickSearch": 1,
			"changeable": 1
		},
		{
			"key": "厂长",
			"name": "🌼蓝天┃厂长",
			"type": 3,
			"api": "csp_NewCz",
			"timeout": 15,
			"playerType": 2,
			"searchable": 1,
			"quickSearch": 1,
			"changeable": 1,
			"ext": "https://www.czys.pro/"
		},
		{
			"key": "酷看",
			"name": "🌼蓝天┃酷看",
			"type": 3,
			"api": "csp_Kkys",
			"timeout": 15,
			"searchable": 1,
			"quickSearch": 1,
			"changeable": 1
		},
		{
			"key": "原创",
			"name": "🌼蓝天┃原创",
			"type": 3,
			"api": "csp_YCyz",
			"timeout": 15,
			"playerType": 1,
			"searchable": 1,
			"quickSearch": 1,
			"changeable": 1
		},
		{
			"key": "可可",
			"name": "🌼蓝天┃可可",
			"type": 3,
			"api": "csp_Kekys",
			"timeout": 15,
			"playerType": 2,
			"searchable": 1,
			"quickSearch": 1,
			"changeable": 1
		},
		{
			"key": "小点",
			"name": "🌼蓝天┃小点",
			"type": 3,
			"api": "csp_Appxd",
			"searchable": 1,
			"quickSearch": 1,
			"changeable": 0,
			"ext": "FbjEd1ddiJ6bwA0Z8ijG89k6OstPBosSHy5L8uXWgRZGSNrCqC7DmxucvvflR3fsMy/Wnih3xSpmA3pwCNspfAcIH4fYhmOEdGxX3jEdjqUpC+m0fSxkNAbkIy0diJWirn+WOtBkBcYhsgA8u1igBBUadbO0s0MCPsYcbHFRNw=="
		},
		{
			"key": "zxzj",
			"name": "🌼蓝天┃在线",
			"type": 3,
			"api": "csp_Zxzj",
			"timeout": 15,
			"searchable": 1,
			"quickSearch": 1,
			"changeable": 1,
			"ext": "https://www.zxzjhd.com/"
		},
		{
			"key": "低端",
			"name": "🌼蓝天┃低端",
			"type": 3,
			"api": "csp_Ddrk",
			"playerType": "2",
			"searchable": 1,
			"quickSearch": 1,
			"changeable": 1
		},
		{
			"key": "贱贱",
			"name": "🌼蓝天┃贱贱",
			"type": 3,
			"searchable": 1,
			"quickSearch": 1,
			"changeable": 1,
			"playerType": "1",
			"api": "./lib/drpy2.min.js",
			"ext": "./lib/jp.js"
		},
		{
			"key": "Auete",
			"name": "🌼蓝天┃奥特",
			"type": 3,
			"api": "csp_Auete",
			"timeout": 15,
			"searchable": 1,
			"quickSearch": 1,
			"changeable": 1,
			"ext": "https://auete.pro/"
		},
		{
			"key": "新6V",
			"name": "🌼蓝天┃新6V",
			"type": 3,
			"api": "csp_SixV",
			"searchable": 1,
			"quickSearch": 1,
			"changeable": 0,
			"ext": "https://www.xb6v.com/"
		},
		{
			"key": "短剧",
			"name": "🌼蓝天┃上头",
			"type": 3,
			"api": "csp_Djtt",
			"searchable": 1,
			"quickSearch": 1,
			"changeable": 1
		},
		{
			"key": "Dm84",
			"name": "🌼蓝天┃巴士",
			"type": 3,
			"api": "csp_Dm84",
			"searchable": 1,
			"quickSearch": 1,
			"changeable": 1
		},
		{
			"key": "Ysj",
			"name": "🌼蓝天┃异界",
			"type": 3,
			"api": "csp_Ysj",
			"searchable": 1,
			"quickSearch": 1,
			"changeable": 1
		},
		{
			"key": "Anime1",
			"name": "🌼蓝天┃日本",
			"type": 3,
			"api": "csp_Anime1",
			"searchable": 1,
			"quickSearch": 1,
			"changeable": 1
		},
		{
			"key": "88js",
			"name": "🌼蓝天┃看球",
			"type": 3,
			"api": "./lib/drpy2.min.js",
			"ext": "./lib/88看球.js",
			"style": {
				"type": "list"
			},
			"searchable": 0,
			"quickSearch": 0,
			"changeable": 0
		},
		{
			"key": "310js",
			"name": "🌼蓝天┃310",
			"type": 3,
			"api": "./lib/drpy2.min.js",
			"ext": "./lib/310直播.js",
			"style": {
				"type": "list"
			},
			"searchable": 0,
			"quickSearch": 0,
			"changeable": 0
		},
		{
			"key": "Jrsjs",
			"name": "🌼蓝天┃球迷",
			"type": 3,
			"api": "./lib/drpy2.min.js",
			"ext": "./lib/jrk.js",
			"style": {
				"type": "list"
			},
			"searchable": 0,
			"quickSearch": 0,
			"changeable": 0
		},
		{
			"key": "企鹅xp",
			"name": "🌼蓝天┃鹅鹅",
			"type": 3,
			"api": "csp_XPath",
			"style": {
				"type": "list"
			},
			"searchable": 0,
			"quickSearch": 0,
			"changeable": 0,
			"ext": "./lib/企鹅直播.json"
		},
		{
			"key": "酷奇",
			"name": "🌼蓝天┃酷奇",
			"type": 3,
			"api": "./lib/drpy2.min.js",
			"ext": "./lib/酷奇MV.js",
			"style": {
				"type": "rect",
				"ratio": 1.597
			},
			"searchable": 0,
			"quickSearch": 0,
			"changeable": 0
		},
		{
			"key": "MTV",
			"name": "🌼蓝天┃明星",
			"type": 3,
			"api": "csp_Bili",
			"style": {
				"type": "rect",
				"ratio": 1.597
			},
			"searchable": 0,
			"quickSearch": 0,
			"changeable": 0,
			"ext": "./lib/MTV.json"
		},
		{
			"key": "虎牙直播js",
			"name": "🌼蓝天┃虎播",
			"type": 3,
			"api": "./lib/drpy2.min.js",
			"ext": "./lib/huya2.js",
			"style": {
				"type": "rect",
				"ratio": 1.755
			},
			"playerType": "1",
			"searchable": 0,
			"quickSearch": 0,
			"changeable": 0
		},
		{
			"key": "有声小说js",
			"name": "🌼蓝天┃有声",
			"type": 3,
			"api": "./lib/drpy2.min.js",
			"ext": "./lib/有声小说吧.js",
			"style": {
				"type": "rect",
				"ratio": 1
			},
			"searchable": 0,
			"quickSearch": 0,
			"changeable": 0
		},
		{
			"key": "Aid",
			"name": "🌼蓝天┃急救",
			"type": 3,
			"api": "csp_FirstAid",
			"searchable": 0,
			"quickSearch": 0,
			"changeable": 0,
			"style": {
				"type": "rect",
				"ratio": 3.8
			}
		},
		{
			"key": "夸搜",
			"name": "🌼蓝天┃夸搜",
			"type": 3,
			"api": "csp_PanSearch",
			"searchable": 1,
			"quickSearch": 1,
			"changeable": 0,
			"ext": "http://127.0.0.1:9978/file/tvbox/token.txt"
		},
		{
			"key": "YiSo",
			"name": "🌼蓝天┃易搜",
			"type": 3,
			"api": "csp_YiSo",
			"searchable": 1,
			"quickSearch": 1,
			"changeable": 0,
			"ext": "http://127.0.0.1:9978/file/tvbox/token.txt"
		},
		{
			"key": "PanSou",
			"name": "🌼蓝天┃盘搜",
			"type": 3,
			"api": "csp_PanSou",
			"searchable": 1,
			"quickSearch": 1,
			"changeable": 0,
			"ext": "http://127.0.0.1:9978/file/tvbox/token.txt"
		},
		{
			"key": "PanSearch",
			"name": "🌼蓝天┃盘Se",
			"type": 3,
			"api": "csp_PanSearch",
			"searchable": 1,
			"quickSearch": 1,
			"changeable": 0,
			"ext": "http://127.0.0.1:9978/file/tvbox/token.txt"
		},
		{
			"key": "push_agent",
			"name": "🌼蓝天┃手机",
			"type": 3,
			"api": "csp_Push",
			"searchable": 0,
			"quickSearch": 0,
			"ext": {
				"Cloud-drive": "tvfan/Cloud-drive.txt",
				"from": "4k|auto"
			}
		},
		{
			"key": "Biliych",
			"name": "🌼蓝天┃演唱",
			"type": 3,
			"api": "csp_Bili",
			"style": {
				"type": "rect",
				"ratio": 1.597
			},
			"searchable": 1,
			"quickSearch": 0,
			"changeable": 0,
			"ext": "./lib/biliych.json"
		},
		{
			"key": "drpy_哔哩",
			"name": "🌼蓝天┃哔哩2",
			"type": 3,
			"api": "http://dt.xn--yety82d.love/js/lib/drpy2.min.js",
			"playerType": 1,
			"ext": "http://dt.xn--yety82d.love/js/B站.js"
		},
		{
			"key": "dr_兔小贝",
			"name": "🌼蓝天┃儿童",
			"type": 3,
			"api": "./lib/drpy2.min.js",
			"ext": "./lib/兔小贝.js",
			"style": {
				"type": "rect",
				"ratio": 1.597
			},
			"searchable": 0,
			"quickSearch": 0,
			"changeable": 0
		},
		{
			"key": "少儿教育",
			"name": "🌼蓝天┃少儿",
			"type": 3,
			"api": "csp_Bili",
			"style": {
				"type": "rect",
				"ratio": 1.597
			},
			"searchable": 0,
			"quickSearch": 0,
			"changeable": 0,
			"ext": "./lib/少儿教育.json"
		},
		{
			"key": "小学课堂",
			"name": "🌼蓝天┃小学",
			"type": 3,
			"api": "csp_Bili",
			"style": {
				"type": "rect",
				"ratio": 1.597
			},
			"searchable": 0,
			"quickSearch": 0,
			"changeable": 0,
			"ext": "./lib/小学课堂.json"
		},
		{
			"key": "初中课堂",
			"name": "🌼蓝天┃初中",
			"type": 3,
			"api": "csp_Bili",
			"style": {
				"type": "rect",
				"ratio": 1.597
			},
			"searchable": 0,
			"quickSearch": 0,
			"changeable": 0,
			"ext": "./lib/初中课堂.json"
		},
		{
			"key": "高中教育",
			"name": "🌼蓝天┃高中",
			"type": 3,
			"api": "csp_Bili",
			"style": {
				"type": "rect",
				"ratio": 1.597
			},
			"searchable": 0,
			"quickSearch": 0,
			"changeable": 0,
			"ext": "./lib/高中课堂.json"
		},
		{
			"key": "fan",
			"name": "🌼蓝天┃白云",
			"type": 3,
			"api": "csp_XPath",
			"searchable": 1,
			"quickSearch": 0,
			"changeable": 0
		},
		{
			"key": "cc",
			"name": "🌼蓝天┃更新",
			"type": 3,
			"api": "csp_XPath",
			"searchable": 1,
			"quickSearch": 0,
			"changeable": 0
		}
	],
	"parses": [
		{
			"name": "蓝天白云4K解析",
			"type": 1,
			"url": "http://103.36.221.75:81/ltbygbgg/api.php?url="
		},
		{
			"name": "芒果解析",
			"type": 1,
			"url": "http://103.36.221.75:82/mg/Mgtv.php?url="
		},
		{
			"name": "爱奇艺解析",
			"type": 1,
			"url": "http://110.40.45.213:7788/iqiyi/qiqq.php?url="
		},
		{
			"name": "-虾米-",
			"type": 1,
			"url": "https://jx.xmflv.com/?url=",
			"ext": {
				"header": {
					"user-agent": "Mozilla/5.0 (Windows NT 10.0; Win64; x64) AppleWebKit/537.36 (KHTML, like Gecko) Chrome/110.0.0.0 Safari/537.36 Edg/110.0.1587.57"
				}
			}
		}
	],
	"logo": "https://fs-im-kefu.7moor-fs1.com/ly/4d2c3f00-7d4c-11e5-af15-41bf63ae4ea0/1716545739254/fc1b89e152cd4aa28d295107cb6c56c9.gif",
	"lives": [
		{
			"name": "直播",
			"type": 0,
			"playerType": 1,
			"url": "https://idc.weyun.site/iptv/iptv.txt",
			"epg": "http://127.0.0.1:10079/p/0/proxy/https://epg.112114.xyz/?ch={name}&date={date}",
			"logo": "http://127.0.0.1:10079/p/0/proxy/https://epg.112114.xyz/logo/{name}.png"
		}
	]
}