{
    "spider": "https://fs-im-kefu.7moor-fs1.com/29397395/4d2c3f00-7d4c-11e5-af15-41bf63ae4ea0/1704761840381/c (1).txt",
    "lives": [
        {
            "name": "直播",
            "type": 0,
            "url": "http://我不是.摸鱼儿.top/live.php",
            "playerType": 1,
            "ua": "okhttp/3.15",
            "epg": "http://epg.112114.xyz/?ch={name}&date={date}",
            "logo": "https://epg.112114.xyz/logo/{name}.png"
        }
    ],
    "wallpaper": "http://饭太硬.top/深色壁纸/api.php",
    "sites": [
        {
            "key": "公众号：影视仓BOX",
            "name": "公众号：影视仓BOX",
            "type": 3,
            "api": "csp_XBPQ",
            "ext": {
                "简介": "公众号：影视仓BOX为您剧情介绍: +video-info-content vod_content\">&&</div>",
                "分类url": "http://www.namefamous.top/vshow/{cateId}-{area}--{class}-----{catePg}---{year}.html",
                "分类": "电视剧$1#电影$2#动漫$3#综艺$4"
            }
        },
        {
            "key": "火狐",
            "name": "茶杯狐",
            "type": 1,
            "api": "https://hhzyapi.com/api.php/provide/vod/",
            "searchable": 1,
            "quickSearch": 0,
            "filterable": 1,
            "categories": [
                "内地剧",
                "韩剧",
                "香港剧",
                "台湾剧",
                "欧美剧",
                "日剧",
                "动作片",
                "科幻片",
                "战争片",
                "喜剧片",
                "爱情片",
                "恐怖片",
                "犯罪片",
                "剧情片",
                "冒险片",
                "记录片",
                "大陆综艺",
                "日韩综艺",
                "台湾综艺",
                "伦理片",
                "欧美综艺",
                "动画片",
                "中国动漫",
                "日本动漫",
                "欧美动漫"
            ]
        },
        {
            "key": "虎牙采集",
            "name": "🍁虎牙采集🍁|cdn2020",
            "type": 1,
            "api": "https://www.huyaapi.com/api.php/provide/vod/",
            "style": {
                "ratio": 1.7
            }
        },
        {
            "key": "金鹰采集",
            "name": "🍁金鹰采集🍁|cdn2020",
            "type": 1,
            "api": "https://jyzyapi.com/provide/vod/",
            "style": {
                "ratio": 1.7
            }
        },
        {
            "key": "非凡采集",
            "name": "🍁非凡采集🍁|cdn2020",
            "type": 1,
            "api": "http://cj.ffzyapi.com/api.php/provide/vod/",
            "style": {
                "ratio": 1.7
            }
        },
        {
            "key": "暴风采集",
            "name": "🍁暴风采集🍁|cdn2020",
            "type": 1,
            "api": "https://bfzyapi.com/api.php/provide/vod/",
            "style": {
                "ratio": 1.7
            }
        },
        {
            "key": "华为吧采集",
            "name": "🍁华为吧采集🍁|cdn2020",
            "type": 1,
            "api": "https://hw8.live/api.php/provide/vod/",
            "style": {
                "ratio": 1.7
            }
        },
        {
            "key": "豪华采集",
            "name": "🍁豪华采集🍁|cdn2020",
            "type": 1,
            "api": "https://hhzyapi.com/api.php/provide/vod/",
            "style": {
                "ratio": 1.7
            }
        },
        {
            "key": "红枸杞",
            "name": "🌹红枸杞🌹",
            "type": 1,
            "api": "https://www.heimuer.tv/api.php/provide/vod",
            "playUrl": "https://player.heimuer.tv/index.html?url=",
            "searchable": 1,
            "changeable": 1,
            "categories": [
                "剧情",
                "动作",
                "冒险",
                "同性",
                "喜剧",
                "奇幻",
                "恐怖",
                "悬疑",
                "惊悚",
                "灾难",
                "爱情",
                "犯罪",
                "科幻",
                "动画电影",
                "歌舞",
                "战争",
                "经典",
                "网络电影",
                "国产剧",
                "港剧",
                "韩剧",
                "日剧",
                "泰剧",
                "台剧",
                "欧美剧",
                "新马剧",
                "其他剧",
                "国产综艺",
                "港台综艺",
                "韩国综艺",
                "日本综艺",
                "欧美综艺",
                "新马泰综艺",
                "其他综艺",
                "欧美",
                "日本",
                "韩国",
                "国产",
                "港台",
                "古装",
                "虐恋",
                "逆袭",
                "悬疑",
                "神豪",
                "重生",
                "复仇",
                "穿越",
                "甜宠",
                "强者"
            ]
        },
        {
            "key": "天天直连",
            "name": "天天直连",
            "type": 3,
            "jar": "https://jihulab.com/okcaptain/kko/-/raw/main/okjpg.txt",
            "api": "csp_TianTian",
            "searchable": 1,
            "quickSearch": 1,
            "filterable": 1
        },
        {
            "key": "csp_sxtv",
            "name": "💚神仙影视",
            "type": 3,
            "api": "csp_XBPQ",
            "searchable": 1,
            "quickSearch": 1,
            "changeable": 1,
            "ext": "http://122.51.37.23/man/xbpq/神仙.json"
        },
        {
            "key": "csp_西屋",
            "name": "💚西屋影视",
            "type": 3,
            "api": "csp_XBPQ",
            "searchable": 1,
            "quickSearch": 1,
            "changeable": 1,
            "ext": "http://122.51.37.23/man/xbpq/西屋.json"
        },
        {
            "key": "csp_4k影视",
            "name": "💚4k影视",
            "type": 3,
            "api": "csp_XBPQ",
            "searchable": 1,
            "quickSearch": 1,
            "filterable": 1,
            "ext": "http://122.51.37.23/man/xbpq/4K影视.json"
        },
        {
            "key": "白嫖电影",
            "name": "白嫖电影",
            "type": 3,
            "api": "csp_XBPQ",
            "ext": {
                "简介": "剧情介绍: +video-info-content vod_content\">&&</div>",
                "分类url": "https://dy.gduan.com/index.php/vod/show/area/{area}/class/{class}/id/{cateId}/page/{catePg}/year/{year}.html",
                "分类": "短剧$24#电视剧$2#电影$1#动漫$4#综艺$3"
            }
        },
        {
            "key": "99影视",
            "name": "99影视",
            "type": 3,
            "api": "csp_XBPQ",
            "ext": {
                "简介": "剧情介绍: +col-pd text-collapse content\">&&</div>",
                "分类url": "http://www.kangping99.com/vodshow/{cateId}-{area}--{class}-----{catePg}---{year}.html",
                "分类": "短剧$25#电影$1#连续剧$2#动漫$4#综艺$3"
            }
        },
        {
            "key": "干饭影视",
            "name": "干饭影视",
            "type": 3,
            "api": "csp_XBPQ",
            "ext": {
                "简介": "西夏祝您观影愉快",
                "分类url": "https://gfvod.com/vodshow/{cateId}-{area}--{class}-----{catePg}---{year}.html",
                "分类": "短剧$20#电影$1#连续剧$2#动漫$4#综艺$3"
            }
        },
        {
            "key": "悠云看剧",
            "name": "悠云看剧",
            "type": 3,
            "api": "csp_XBPQ",
            "ext": {
                "简介": "西夏祝您观影愉快",
                "分类url": "https://www.yoyys.com/vodshow/{cateId}-{area}--{class}-----{catePg}---{year}.html",
                "分类": "电影$1#连续剧$2#动漫$4#综艺$3"
            }
        },
        {
            "key": "快看影视",
            "name": "快看影视",
            "type": 3,
            "api": "csp_XBPQ",
            "ext": {
                "线路二次截取": "<div class=\"play\">&&</div>",
                "线路数组": "<span&&/span>",
                "线路标题": ">&&<",
                "播放二次截取": "class=\"playlist\"&&</div>",
                "播放数组": "<ul>&&</ul>",
                "分类url": "https://www.kuaikanys.net/s/{cateId}/page/{catePg}.html",
                "简介": "西夏为您+text\">&&</div>",
                "分类数组": "<li>&&</li>",
                "分类标题": ">&&</a>",
                "分类ID": "/t/&&.html"
            }
        },
        {
            "key": "app影视",
            "name": "app影视",
            "type": 3,
            "api": "csp_XBPQ",
            "ext": {
                "简介": "剧情介绍: +stui-content__desc col-pd clearfix\">&&</div>",
                "分类url": "https://www.appmovie.cc/index.php/vod/show/area/{area}/{year}/class/{class}/id/{cateId}/page/{catePg}.html",
                "分类": "电影$1#连续剧$2#动漫$4#综艺$3"
            }
        },
        {
            "key": "蛋蛋影视",
            "name": "蛋蛋影视",
            "type": 3,
            "api": "csp_XBPQ",
            "ext": {
                "简介": "祝您观影愉快",
                "分类url": "https://cddys.me/vodshow/{cateId}-{area}--{class}-----{catePg}---{year}.html",
                "分类": "电影$1#连续剧$2#动漫$4#综艺$3"
            }
        },
        {
            "key": "圆周率",
            "name": "率率影视",
            "api": "csp_AppYsV2",
            "type": 3,
            "searchable": 1,
            "quickSearch": 1,
            "changeable": 1,
            "ext": "https://www.tvkuys.xyz/api.php/app/"
        },
        {
            "key": "大师兄",
            "name": "大师兄影视",
            "type": 3,
            "api": "csp_XBPQ",
            "ext": {
                "分类url": "https://www.dsxysproo.com/dqvodshow/{cateId}-{area}--{class}-----{catePg}---{year}.html",
                "分类": "电视剧$2#电影$1#动漫$4#综艺$3"
            }
        },
        {
            "key": "疯狗",
            "name": "疯狗影视",
            "type": 3,
            "api": "csp_XBPQ",
            "ext": {
                "线路数组": "page-header\">&&</div>",
                "播放数组": "list-unstyled row text-center ff-playurl-line ff-playurl\"&&</ul>",
                "分类url": "https://m.fenggoudy3.com/list-select-id-{cateId}-type-{class}-area-{area}-year-{year}-star--state--order-addtime-p-{catePg}.html;;d0",
                "分类": "电视剧$2#电影$1#动漫$3#综艺$4"
            }
        },
        {
            "key": "电影盒子",
            "name": "电影盒子",
            "type": 3,
            "api": "csp_XBPQ",
            "ext": {
                "线路数组": "page-header\">&&</div>",
                "播放数组": "list-unstyled row text-center ff-playurl-line ff-playurl\"&&</ul>",
                "分类url": "http://m.tv7box.com/list-select-id-{cateId}-type-{class}-area-{area}-year-{year}-star--state--order-addtime-p-{catePg}.html;;d0",
                "分类": "电视剧$2#电影$1#动漫$3#综艺$4"
            }
        },
        {
            "key": "看吧影视",
            "name": "看吧影视",
            "type": 3,
            "api": "csp_XBPQ",
            "ext": {
                "分类url": "http://bukanba.com/vodshow/{cateId}-{area}--{class}-----{catePg}---{year}/sort/hits.html",
                "分类": "电视剧$2#电影$1#动漫$4#综艺$3"
            }
        },
        {
            "key": "奈飞影视",
            "name": "奈飞影视",
            "type": 3,
            "api": "csp_XBPQ",
            "ext": {
                "分类url": "https://yanaifei.tv/vod/show/{cateId}-{area}--{class}-----{catePg}---{year}.html",
                "分类": "电视剧$2#电影$1#动漫$4#综艺$3"
            }
        },
        {
            "key": "奈飞中文",
            "name": "奈飞中文",
            "type": 3,
            "api": "csp_XBPQ",
            "ext": {
                "分类url": "https://www.netfly.tv/vod/show/{cateId}-{area}--{class}-----{catePg}---{year}.html",
                "分类": "电视剧$2#电影$1#动漫$4#综艺$3"
            }
        },
        {
            "key": "剧多影视",
            "name": "剧多影视",
            "type": 3,
            "api": "csp_XBPQ",
            "ext": {
                "分类url": "https://www.jdd456.com/vodshow/{cateId}-{area}--{class}-----{catePg}---{year}/",
                "分类": "电视剧$dianshiju#电影$dianyinglei#动漫$dongman#综艺$zongyi"
            }
        },
        {
            "key": "星晨影视",
            "name": "星晨影视",
            "type": 3,
            "api": "csp_XBPQ",
            "ext": {
                "分类url": "https://zhenchengfs.com/show/{cateId}-{area}-------{catePg}---{year}/",
                "分类": "电视剧$dianshiju#电影$dianying#动漫$dongman#综艺$zongyi"
            }
        },
        {
            "key": "快看影视",
            "name": "快看影视",
            "type": 3,
            "api": "csp_XBPQ",
            "ext": {
                "线路二次截取": "overflow-x&&</div>",
                "线路数组": "<span&&span>[不包含:奇艺#腾讯#优酷#哔哩]",
                "线路标题": ">&&<",
                "分类url": "https://www.kuaikanys.net/s/{cateId}/page/{catePg}.html",
                "分类": "国产剧$guochanju#电视剧$lianxuju#电影$dianying#动漫$dongman#综艺$zongyi"
            }
        },
        {
            "key": "快快影视",
            "name": "快快影视",
            "type": 3,
            "api": "csp_XBPQ",
            "ext": {
                "分类url": "http://www.ksngs.cn/show/{cateId}-{area}--{class}-----{catePg}---{year}.html",
                "分类": "电视剧$2#电影$1#动漫$4#综艺$3"
            }
        },
        {
            "key": "毛驴影视",
            "name": "毛驴影视",
            "type": 3,
            "api": "csp_XBPQ",
            "ext": {
                "数组": "public-list-box public-pic-b&&</div>",
                "图片": "data-src=\"&&\"",
                "副标题": "public-list-prb hide ft2\">&&</span>",
                "线路数组": "<a&&</a>",
                "线路标题": "<i class=\"fa ds-dianying\">&&<span class=\"badge\">",
                "分类url": "https://www.maolvys.com/vod/show/area/{area}/class/{class}/id/{cateId}/page/{catePg}/year/{year}/",
                "分类": "电视剧$2#电影$1#动漫$4#综艺$3"
            }
        },
        {
            "key": "禾欣影视",
            "name": "禾欣影视",
            "type": 3,
            "api": "csp_XBPQ",
            "ext": {
                "分类url": "http://www.jxhexin.com.cn/vodshow/{cateId}-{area}-------{catePg}---{year}.html",
                "分类": "电视剧$dsj#电影$dy#动漫$dm#综艺$zy"
            }
        },
        {
            "key": "5G影视",
            "name": "5G影视",
            "type": 3,
            "api": "csp_XBPQ",
            "ext": {
                "分类url": "http://www.pdd6.com/haokanshow/{cateId}-{area}-------{catePg}---{year}.html",
                "分类": "电视剧$dianshiju#电影$dianying#动漫$dongman#综艺$zongyi"
            }
        },
        {
            "key": "123看影视",
            "name": "123看影视",
            "type": 3,
            "api": "csp_XBPQ",
            "ext": {
                "分类url": "https://www.123kan.cc/show/{cateId}/area/{area}/page/{catePg}/year/{year}.html",
                "分类": "电视剧$tv#电影$dy#动漫$dm"
            }
        },
        {
            "key": "可可影视",
            "name": "可可影视",
            "type": 3,
            "api": "csp_XBPQ",
            "ext": {
                "线路数组": "source-item\">&&</a>",
                "分类url": "https://www.keke2.app/show/{cateId}-{class}-{area}--{year}-3-{catePg}.html",
                "分类": "电视剧$2#电影$1#动漫$3#综艺$4#短剧$6"
            }
        },
        {
            "key": "片哈影视",
            "name": "片哈影视",
            "type": 3,
            "api": "csp_XBPQ",
            "ext": {
                "数组": "fed-list-item fed-padding&&</li>",
                "图片": "data-original=\"&&\"",
                "标题": "fed-part-eone\"*>&&</a>",
                "副标题": "fed-text-center\"&&</span>",
                "线路数组": "fed-padding fed-part-rows&&</ul>",
                "播放数组": "fed-part-rows detail-play-list&&</ul>",
                "分类url": "https://www.pianha.cc/search.php?page={catePg}&searchtype=5&tid={cateId}&year={year}&area={area}",
                "分类": "电视剧$2#电影$1#动漫$4#综艺$3#伦理$20"
            }
        },
        {
            "key": "快剧影视",
            "name": "快剧影视",
            "type": 3,
            "api": "csp_XBPQ",
            "ext": {
                "分类url": "https://tv.kuaijuwu.net/{cateId}/index{catePg}.html[https://tv.kuaijuwu.net/{cateId}/]",
                "分类": "大陆剧$dalu#香港剧$tvb#台湾剧$taiwan#韩剧$hanju#日剧$riju#美剧$meiju"
            }
        },
        {
            "key": "56影视",
            "name": "56影视",
            "type": 3,
            "api": "csp_XBPQ",
            "ext": {
                "分类url": "http://luyu56.com/search.php?page={catePg}&searchtype=5&tid={cateId}&area={area}&year={year}",
                "分类": "电视剧$2#电影$1#动漫$4#综艺$3"
            }
        },
        {
            "key": "布雷影视",
            "name": "布雷影视",
            "type": 3,
            "api": "csp_XBPQ",
            "ext": {
                "分类url": "https://www.bulei.top/index.php/vod/show/area/{area}/class/{class}/id/{cateId}/page/{catePg}/year/{year}.html",
                "分类": "电视剧$2#电影$1#动漫$3"
            }
        },
        {
            "key": "91o",
            "name": "91影院",
            "type": 3,
            "api": "csp_XBPQ",
            "ext": {
                "分类url": "https://91o.cc/index.php/vod/show/area/{area}/class/{class}/id/{cateId}/page/{catePg}/year/{year}.html",
                "分类": "短剧$20#电视剧$2#电影$1#动漫$4#综艺$3"
            }
        },
        {
            "key": "四个圈",
            "name": "四个圈",
            "type": 3,
            "api": "csp_XBPQ",
            "ext": {
                "分类url": "https://pg.fenwe078.cf/index.php/vod/show/area/{area}/class/{class}/id/{cateId}/page/{catePg}.html",
                "分类": "电视剧$2#电影$1#动漫$4#综艺$3"
            }
        },
        {
            "key": "哆哆影视",
            "name": "哆哆影视",
            "type": 3,
            "api": "csp_XBPQ",
            "ext": {
                "分类url": "https://www.ddkk.tv/show/{cateId}-{area}--{class}-----{catePg}---{year}.html",
                "分类": "电视剧$2#电影$1#动漫$4#综艺$3"
            }
        },
        {
            "key": "高清影院",
            "name": "高清影院",
            "type": 3,
            "api": "csp_XBPQ",
            "ext": {
                "分类url": "http://www.wuyevod.com/vodshow/{cateId}-{area}--{class}-----{catePg}---{year}.html",
                "分类": "电影$1#剧集$2#综艺$3#动漫$4#午夜$5"
            }
        },
        {
            "key": "一起影视",
            "name": "一起影视",
            "type": 3,
            "api": "csp_XBPQ",
            "ext": {
                "分类url": "http://www.cdlhmq.cn/search.php?page={catePg}&searchtype=5&tid={cateId}&year={year}&area={area};;d",
                "分类": "电视剧$2#电影$1#综艺$3#动漫$4#短剧$30"
            }
        },
        {
            "key": "凌云影视",
            "name": "凌云影视",
            "type": 3,
            "api": "csp_XBPQ",
            "ext": {
                "请求头": "手机",
                "数组": "</li><li>&&</li>",
                "图片": "data-src=\"&&\"",
                "副标题": "icon-play\">&&</span>",
                "线路数组": "<option&&/option>",
                "线路标题": ">&&<",
                "分类url": "https://www.lyys8.com/list/{cateId}-{area}--{class}-----{catePg}---{year}.html",
                "分类": "电影$movie#剧集$tv#动漫$cartoon"
            }
        },
        {
            "key": "电影驿站",
            "name": "电影驿站",
            "type": 3,
            "api": "csp_XBPQ",
            "ext": {
                "分类url": "https://www.dyyz1.app/vodshow/{cateId}-{area}--{class}-----{catePg}---{year}.html",
                "分类": "电影$1#剧集$2#综艺$3#动漫$4"
            }
        },
        {
            "key": "全民影院",
            "name": "全民影院",
            "type": 3,
            "api": "csp_XBPQ",
            "ext": {
                "分类url": "http://www.qmyy.pw/index.php/vodshow/{cateld}--------{catePg}---{year}.html[http://www.qmyy.pw/index.php/vodtype/{cateId}.html]",
                "分类": "国产剧$guochan#电视剧$tv#电影$movie#综艺$zongyi#动漫$dongman#艺术片$dianying#AV$xijupian#中文$zwen#制服$zf#熟女$sn#女同$nt#巨乳$kongbupian#三级片$kehuanpian"
            }
        },
        {
            "key": "金曼影视",
            "name": "金曼影视",
            "type": 3,
            "api": "csp_XBPQ",
            "ext": {
                "分类url": "https://jinmantv.com/index.php/vod/show/area/{area}/class/{class}/id/{cateId}/page/{catePg}/year/{year}.html",
                "分类": "电影$1#剧集$2#综艺$4#动漫$3#纪录片$5#解说$20"
            }
        },
        {
            "key": "大桥影视",
            "name": "大桥影视",
            "type": 3,
            "api": "csp_XBPQ",
            "ext": {
                "线路数组": "panel-heading\">&&</div>",
                "线路标题": "</mb>&& -",
                "分类url": "http://www.daqiao.shop/vodshow/{cateId}--------{catePg}---{year}.html",
                "分类": "电视剧$2#电影$1#综艺$3#动漫$4#理论$17"
            }
        },
        {
            "key": "独播影视",
            "name": "独播影视",
            "type": 3,
            "api": "csp_XBPQ",
            "ext": {
                "分类url": "https://www.lhxifu.com/vodshow/{cateId}-{area}--{class}-----{catePg}---{year}.html",
                "分类": "电视剧$2#电影$1#动漫$4#综艺$3#动画片$28"
            }
        },
        {
            "key": "人人影视",
            "name": "人人影视",
            "type": 3,
            "api": "csp_XBPQ",
            "ext": {
                "数组": "movie-item\">&&</div>",
                "线路数组": "playBox\">&&-在线播放</p>",
                "播放数组": "playlist fn-clear\">&&</div>",
                "分类url": "https://www.rqsxbyc.com/yyetssh/{cateId}-{area}--{class}-----{catePg}---{year}/",
                "分类": "电视剧$2#电影$1#动漫$4#综艺$3"
            }
        },
        {
            "key": "无限影视",
            "name": "无限影视",
            "type": 3,
            "api": "csp_XBPQ",
            "ext": {
                "分类url": "http://www.wxzhongrui.com/sx/{cateId}-{area}--{class}-----{catePg}---{year}.html",
                "分类": "电视剧$2#电影$1#动漫$4#综艺$3"
            }
        },
        {
            "key": "爱看影视",
            "name": "爱看影视",
            "type": 3,
            "api": "csp_XBPQ",
            "ext": {
                "分类url": "https://www.3ayy.com/vodshow/{cateId}-{area}--{class}-----{catePg}---{year}.html",
                "分类": "电视剧$2#电影$1#动漫$4#综艺$3"
            }
        },
        {
            "key": "一起TV",
            "name": "一起TV",
            "type": 3,
            "api": "csp_XBPQ",
            "ext": {
                "请求头": "手机",
                "编码": "UTF-8",
                "主页url": "http://www.yiqitv.com/",
                "数组": "videoul-li\">&&</li>",
                "标题": "pone videoul-title\">&&</p>",
                "图片": "lay-src=\"&&\"",
                "副标题": "pone videoul-tips1\">&&</span>",
                "分类url": "http://www.yiqitv.com/index.php/lists/{cateId}/{catePg}.html",
                "分类": "国产剧$20#电视剧$2#电影$1#综艺$3#动漫$4"
            }
        },
        {
            "key": "9u影视",
            "name": "9u影视",
            "type": 3,
            "api": "csp_XBPQ",
            "ext": {
                "线路标题": "module-tab-value\">&&</span>",
                "分类url": "https://www.9udy.com/index.php/vod/show/area/{area}/class/{class}/id/{cateId}/page/{catePg}/year/{year}.html",
                "分类": "电视剧$2#电影$1#综艺$35#动漫$3"
            }
        },
        {
            "key": "量子影视",
            "name": "量子影视",
            "type": 3,
            "api": "csp_XBPQ",
            "ext": {
                "简介": "video-info-item video-info-content vod_content\">&&</div>",
                "分类url": "http://www.lzizy9.com/index.php/vod/show/area/{area}/class/{class}/id/{cateId}/page/{catePg}/year/{year}.html",
                "分类": "国产剧$13#电视剧$2#电影$1#综艺$4#动漫$3#伦理片$21"
            }
        },
        {
            "key": "云速影视",
            "name": "云速影视",
            "type": 3,
            "api": "csp_XBPQ",
            "ext": {
                "线路数组": "swiper-slide&&</a>",
                "线路标题": "&nbsp;&&</a>",
                "播放数组": "anthology-list-play size playEpisodes\"&&</ul>",
                "分类url": "https://www.yunsu.tv/vod/list/{catePg}/{cateId}/{class}/{year}/{area}/0/0/0",
                "分类": "电视剧$2#电影$1#综艺$3#动漫$4#短剧$39"
            }
        },
        {
            "key": "加一影视",
            "name": "加一影视",
            "type": 3,
            "api": "csp_XBPQ",
            "ext": {
                "线路数组": "#ewave-playlist-&&</li>",
                "分类url": "http://jyys.me/index.php/vod/show/area/{area}/class/{class}/id/{cateId}/page/{catePg}/year/{year}.html",
                "分类": "电视剧$2#电影$1#综艺$3#动漫$4#短剧$20"
            }
        },
        {
            "key": "强强",
            "name": "强强影视",
            "type": 3,
            "api": "csp_XBPQ",
            "ext": {
                "线路数组": "nav-item\"&&</li>",
                "线路标题": ">&&</a>",
                "播放数组": "sort-list px1&&</div>",
                "播放列表": "a&&</a>",
                "分类url": "http://www.qqmoive.top/list/?{cateId}-{catePg}.html",
                "分类": "电影$1#动作片$5#科幻片$7#战争片$9#剧集$2#国产剧$13#港台剧$14#欧美剧$15#日韩剧$16#综艺$3#动漫$4"
            }
        },
        {
            "key": "嗷嗷影视",
            "name": "嗷嗷影视",
            "type": 3,
            "api": "csp_XBPQ",
            "ext": {
                "分类url": "https://m.aoao.tv/show/{cateId}--------{catePg}---.html",
                "分类": "电视剧$dianshiju#电影$dianying#综艺$zongyi#动漫$dongman"
            }
        },
        {
            "key": "网飞影视",
            "name": "网飞影视",
            "type": 3,
            "api": "csp_XBPQ",
            "ext": {
                "线路数组": "module-tab-items-box&&</div>",
                "分类url": "https://www.wangfei.in/vodshow/area/{area}/class/{class}/id/{cateId}/page/{catePg}/year/{year}.html",
                "分类": "电视剧$juji#电影$dy#综艺$zongyi#动漫$dongman"
            }
        },
        {
            "key": "YY影视",
            "name": "YY影视",
            "type": 3,
            "api": "csp_XBPQ",
            "ext": {
                "数组": "p1 m1\">&&</li>",
                "线路数组": "playerico ico-Azhan\">&&</li>",
                "分类url": "https://www.yyvdian.com/vodshow/{cateId}-{area}-------{catePg}---{year}.html",
                "分类": "国产剧$13#电视剧$2#电影$1#综艺$3#动漫$4"
            }
        },
        {
            "key": "皮皮鸭影视",
            "name": "皮皮鸭影视",
            "type": 3,
            "api": "csp_XBPQ",
            "ext": {
                "分类url": "https://www.pipiya.vip/vodshow/{cateId}/area/{area}/class/{class}/page/{catePg}/year/{year}.html",
                "分类": "电视剧$2#电影$1#综艺$3#动漫$4#伦理$21"
            }
        },
        {
            "key": "爱看影视",
            "name": "爱看影视",
            "type": 3,
            "api": "csp_XBPQ",
            "ext": {
                "线路数组": "swiper-slide&&</a>",
                "线路标题": "&nbsp;&&+",
                "播放数组": "anthology-list-play size\">&&</ul>",
                "分类url": "https://akanhd.com/vodtype/{cateId}/area/{area}/by/{by}/class/{class}/page/{catePg}/year/{year}.html",
                "分类": "电视剧$2#电影$1#综艺$3#动漫$4#"
            }
        },
        {
            "key": "万家影视",
            "name": "万家影视",
            "type": 3,
            "api": "csp_XBPQ",
            "ext": {
                "分类url": "https://www.lwjtv.com/ystop/{cateId}/area/{area}/page/{catePg}/year/{year}.html",
                "分类": "电视剧$dianshiju#电影$dianying#综艺$zongyi#动漫$dongmna"
            }
        },
        {
            "key": "电影驿站",
            "name": "电影驿站",
            "type": 3,
            "api": "csp_XBPQ",
            "ext": {
                "分类url": "https://www.dyyz1.app/vodshow/{cateId}-{area}--{class}-----{catePg}---{year}.html",
                "分类": "电视剧$2#电影$1#综艺$3#动漫$4"
            }
        },
        {
            "key": "BB影视",
            "name": "BB影视",
            "type": 3,
            "api": "csp_XBPQ",
            "ext": {
                "分类url": "https://www.wfibb.com/index.php/vod/show/area/{area}/class/{class}/id/{cateId}/page/{catePg}/year/{year}.html",
                "分类": "电视剧$lianxuju#电影$dianying#综艺$zongyi#动漫$dongman"
            }
        },
        {
            "key": "免费看影视",
            "name": "免费看影视",
            "type": 3,
            "api": "csp_XBPQ",
            "ext": {
                "分类url": "https://qzy998-wap-1.ysgq.xyz/index.php/vod/show/area/{area}/class/{class}/id/{cateId}/page/{catePg}/year/{year}.html",
                "分类": "电影$1#剧集$2#综艺$3#动漫$4#纪录片$5"
            }
        },
        {
            "key": "saohuo",
            "name": "骚火直连",
            "type": 3,
            "searchable": 1,
            "changeable": 0,
            "quickSearch": 1,
            "playerType": "2",
            "api": "csp_XBPQ",
            "ext": {
                "嗅探词": ".m3u8#.mp4#.m3u8?#freeok.mp4",
                "分类url": "https://shdy2.com/list/{cateId}-{catePg}.html;;vr1au0",
                "分类": "电影$1#电视剧$2#韩剧$22#美剧$23#动漫$4",
                "数组二次截取": "class=\"v_list\">&&</ul>",
                "数组": "\"v_img\"&&/div>",
                "标题": "title=\"&&\"",
                "副标题": "v_note\"&&</div",
                "跳转播放链接": "<iframe*src=\"&&\"",
                "二次跳转播放链接": "https://hhjx.hhplayer.com/api.php;post;url=+var url*\"&&\"+&t=+var t*\"&&\"+&key=+var key*\"&&\"+&act=0+&play=1",
                "三次跳转播放链接": "\"url\"*\"&&\""
            }
        },
        {
            "key": "freeok",
            "name": "freeok",
            "type": 3,
            "api": "csp_XBPQ",
            "playerType": "2",
            "ext": {
                "分类url": "https://www.freeok.vip/vod-show/{cateId}-{area}-------{catePg}---{year}.html",
                "分类": "FREE电影&FREE剧集&FREE动漫&FREE综艺&FREE短剧&FREE少儿",
                "分类值": "1&2&3&4&12&5",
                "播放请求头": "User-Agent$Mozilla/5.0 (Macintosh; Intel Mac OS X 10_15_7) AppleWebKit/537.36 (KHTML, like Gecko) Chrome/118.0.0.0 Safari/537.36",
                "副标题": "<div class=\"module-item-note\">&&</div>",
                "嗅探词": "m3u8#.m3u8#.mp4#freeok.mp4#/obj/",
                "线路数组": "data-dropdown-value=&&</div>[不包含:夸克]",
                "线路标题": "<span>&&</small>",
                "导演": "导演：&&</div>",
                "主演": "主演：&&</div>",
                "简介": "<p>&&</p>"
            }
        },
        {
            "key": "03影院",
            "name": "03影院",
            "type": 3,
            "api": "csp_XBPQ",
            "playerType": "2",
            "ext": {
                "主页url": "https://www.03yy.co",
                "数组": "<div class=\"pic-content pic-width-2\">&&</div",
                "副标题": "<span>&&</span>",
                "嗅探词": ".mp4?#m3u8#adsmind.ugdtimg.com",
                "简介": "<p&&</p>",
                "导演": "导演：&&</div>",
                "主演": "主演：&&</div>",
                "搜索模式": "1",
                "搜索url": "https://www.03yy.co/search.php?searchword={wd}",
                "搜索副标题": "<span>&&</span>",
                "搜索链接": "href=\"&&\"",
                "线路二次截取": "<ul id=\"playlist\">&&</ul",
                "线路数组": " <li&&li>",
                "线路标题": ">&&<",
                "分类url": "https://www.03yy.co/search.php?page={catePg}&searchtype=5&order=time&tid={cateId}&area={area}&year={year}",
                "分类": "电影$1#电视剧$2#动漫$4#综艺$3"
            }
        },
        {
            "key": "黑狐",
            "name": "黑狐影院",
            "type": 3,
            "searchable": 1,
            "quickSearch": 1,
            "changeable": 1,
            "playerType": "2",
            "api": "csp_XBPQ",
            "ext": {
                "站名": "黑狐影院",
                "主页url": "http://fagmn.com",
                "数组": "class=\"stui-vodlist__box\"&&</a",
                "图片": "data-original=\"&&\"",
                "标题": "title=\"&&\"",
                "链接": "href=\"&&\"",
                "嗅探词": ".m3u8?#v3.huoshanvod.com#.m3u8#v3-dy-o.zjcdn#sf16-sg.larksuitecdn.com#v.kd1.qq.com#.mp4",
                "过滤词": "/hls/#php",
                "副标题": "<span class=\"pic-text text-right\">&&</span>",
                "搜索url": "http://fagmn.com/search.php;post;searchword={wd}",
                "搜索模式": "1",
                "搜索数组": "<a class=\"v-thumb stui-vodlist__thumb&&</a>",
                "搜索图片": "data-original=\"&&\"",
                "搜索标题": "title=\"&&\"",
                "搜索链接": "href=\"&&\"",
                "搜索副标题": "<span class=\"pic-text text-right\">&&</span>",
                "搜索后缀": "/view/",
                "线路数组": "href=\"#down&&/a>[替换:奇异视频>>黑狐一线#优酷视频>>黑狐二线#搜狐视频>>黑狐三线#咪咕视频>>黑狐四线]",
                "线路标题": ">&&<",
                "播放数组": "class=\"stui-content__playlist clearfix&&</ul>",
                "状态": "地区：&&</p>",
                "导演": "导演：&&</p>",
                "主演": "主演：&&</p>",
                "简介": "简介：&&</div>",
                "播放列表": "<a&&/a>",
                "播放标题": ">&&<",
                "播放链接": "href=\"&&\"",
                "免嗅": "0",
                "分类": "电影$1#电视剧$2#动漫$3#综艺$4",
                "分类url": "http://fagmn.com/list/{cateId}_{catePg}.html?order=time"
            }
        },
        {
            "key": "双黄",
            "name": "双黄BPQ",
            "type": 3,
            "api": "csp_XBPQ",
            "ext": {
                "嗅探词": "v3.toutiaovod.com#v3-dy-o.zjcdn#.m3u8#/tos/#.mp4",
                "请求头": "手机#Referer$https://www.dandanju.cc/",
                "分类url": "https://www.dandanju.cc/show/{cateId}--------{catePg}---2023.html",
                "分类": "电影$1#剧集$2#动漫$4#综艺$4",
                "数组": " <li class=\"col-md-6 col-sm-4 col-xs-3&&</li",
                "搜索模式": "1",
                "搜索url": "https://www.dandanju.cc/search/{wd}----------1---.html",
                "搜索数组": "<li class=\"active clearfix&&</li"
            }
        },
        {
            "key": "茶杯",
            "name": "茶杯BPQ",
            "type": 3,
            "api": "csp_XBPQ",
            "ext": {
                "嗅探词": "v3.toutiaovod.com#v3-dy-o.zjcdn#.m3u8#/tos/#.mp4",
                "请求头": "手机#Referer$https://www.cupfox1.cc",
                "分类url": "https://www.cupfox1.cc/show/{cateId}/area/{area}/page/{catePg}/year/{year}.html",
                "标题": "movie-title txtHide\"*>&&</div",
                "副标题": "豆瓣评分+div class=\"movie-rating cor4\">&&</div>",
                "分类": "电影$1#剧集$2#动漫$4#综艺$4",
                "搜索模式": "0"
            }
        },
        {
            "key": "热播库",
            "name": "热播库",
            "type": 3,
            "changeable": 1,
            "api": "csp_XBPQ",
            "playerType": "1",
            "ext": {
                "主页url": "https://rebozj.pro",
                "数组": "class=\"stui-vodlist__thumb lazyload&&</a>",
                "图片": "data-original=\"&&\"",
                "标题": "title=\"&&\"",
                "链接": "href=\"&&\"",
                "副标题": "class=\"pic-text text-right\"><b>&&</span>",
                "搜索模式": "1",
                "嗅探词": ".m3u8#video_mp4#tos-#.mp4#cdn.123pan.cn#huoshanvod.com",
                "搜索url": "https://rebozj.pro/type/id-.html?wd={wd}",
                "线路数组": "<h4 class=\"title&&/h4>",
                "线路标题": ">&&<",
                "播放列表": "<a&&/a>",
                "播放标题": ">&&<",
                "影片类型": "类型：&&</p>",
                "导演": "导演：&&</p>",
                "主演": "主演：&&</p>",
                "简介": "display: none;\">&&</span>",
                "分类": "电视剧$2#电影$1#综艺$3#动漫$4",
                "分类url": "https://rebozj.pro/show/{cateId}--{area}------{catePg}---{year}.html;;a",
                "跳转播放链接": "urlDecode(vod_class*url\":\"&&\")"
            }
        },
        {
            "key": "新浪影视",
            "name": "新浪影视",
            "type": 1,
            "api": "http://api.xinlangapi.com/xinlangapi.php/provide/vod/",
            "searchable": 1,
            "quickSearch": 1,
            "categories": [
                "国产剧",
                "短剧",
                "韩国剧",
                "香港剧",
                "台湾剧",
                "欧美剧",
                "动作片",
                "科幻片",
                "战争片",
                "奇幻片",
                "喜剧片",
                "爱情片",
                "恐怖片",
                "犯罪片",
                "悬疑片",
                "惊悚片",
                "剧情片",
                "冒险片",
                "记录片",
                "动作片",
                "日本剧",
                "泰剧",
                "国产综艺",
                "港台综艺",
                "欧美综艺",
                "日韩综艺",
                "国产动漫",
                "港台动漫",
                "日韩动漫"
            ]
        },
        {
            "key": "卧龙影视",
            "name": "卧龙影视",
            "type": 1,
            "api": "https://collect.wolongzyw.com/api.php/provide/vod/",
            "searchable": 1,
            "quickSearch": 1,
            "categories": [
                "国产剧",
                "短剧",
                "韩国剧",
                "香港剧",
                "台湾剧",
                "欧美剧",
                "动作片",
                "科幻片",
                "战争片",
                "奇幻片",
                "喜剧片",
                "爱情片",
                "恐怖片",
                "犯罪片",
                "悬疑片",
                "惊悚片",
                "剧情片",
                "冒险片",
                "记录片",
                "动作片",
                "日本剧",
                "泰剧",
                "国产综艺",
                "港台综艺",
                "欧美综艺",
                "日韩综艺",
                "国产动漫",
                "港台动漫",
                "日韩动漫"
            ]
        },
        {
            "key": "红牛影视",
            "name": "红牛影视",
            "type": 1,
            "api": "https://www.hongniuzy2.com/api.php/provide/vod/",
            "searchable": 0,
            "quickSearch": 0,
            "categories": [
                "国产剧",
                "短剧",
                "韩国剧",
                "香港剧",
                "台湾剧",
                "欧美剧",
                "动作片",
                "科幻片",
                "战争片",
                "奇幻片",
                "喜剧片",
                "爱情片",
                "恐怖片",
                "犯罪片",
                "悬疑片",
                "惊悚片",
                "剧情片",
                "冒险片",
                "记录片",
                "动作片",
                "日本剧",
                "泰剧",
                "国产综艺",
                "港台综艺",
                "欧美综艺",
                "日韩综艺",
                "国产动漫",
                "港台动漫",
                "日韩动漫"
            ]
        },
        {
            "key": "闪电影视",
            "name": "闪电影视",
            "type": 1,
            "api": "http://sdzyapi.com/api.php/provide/vod/",
            "searchable": 1,
            "quickSearch": 1,
            "categories": [
                "国产剧",
                "短剧",
                "韩国剧",
                "香港剧",
                "台湾剧",
                "欧美剧",
                "动作片",
                "科幻片",
                "战争片",
                "奇幻片",
                "喜剧片",
                "爱情片",
                "恐怖片",
                "犯罪片",
                "悬疑片",
                "惊悚片",
                "剧情片",
                "冒险片",
                "记录片",
                "动作片",
                "日本剧",
                "泰剧",
                "国产综艺",
                "港台综艺",
                "欧美综艺",
                "日韩综艺",
                "国产动漫",
                "港台动漫",
                "日韩动漫"
            ]
        },
        {
            "key": "飞速影视",
            "name": "飞速影视",
            "type": 1,
            "api": "https://www.feisuzy.com/api.php/provide/vod/",
            "searchable": 0,
            "quickSearch": 0,
            "categories": [
                "国产剧",
                "短剧",
                "韩国剧",
                "香港剧",
                "台湾剧",
                "欧美剧",
                "动作片",
                "科幻片",
                "战争片",
                "奇幻片",
                "喜剧片",
                "爱情片",
                "恐怖片",
                "犯罪片",
                "悬疑片",
                "惊悚片",
                "剧情片",
                "冒险片",
                "记录片",
                "动作片",
                "日本剧",
                "泰剧",
                "国产综艺",
                "港台综艺",
                "欧美综艺",
                "日韩综艺",
                "国产动漫",
                "港台动漫",
                "日韩动漫"
            ]
        },
        {
            "key": "光速影视",
            "name": "光速影视",
            "type": 1,
            "api": "https://api.guangsuapi.com/api.php/provide/vod/",
            "searchable": 1,
            "quickSearch": 1,
            "categories": [
                "大陆剧",
                "短剧",
                "韩国剧",
                "港澳剧",
                "台湾剧",
                "欧美剧",
                "动作片",
                "科幻片",
                "战争片",
                "奇幻片",
                "喜剧片",
                "爱情片",
                "恐怖片",
                "犯罪片",
                "悬疑片",
                "惊悚片",
                "剧情片",
                "冒险片",
                "记录片",
                "动作片",
                "日本剧",
                "泰剧",
                "国产综艺",
                "港台综艺",
                "欧美综艺",
                "日韩综艺",
                "国产动漫",
                "港台动漫",
                "日韩动漫"
            ]
        },
        {
            "key": "js_a8音乐",
            "name": "🎧A8音乐",
            "type": 3,
            "api": "https://vip.123pan.cn/1823165373/cally/lib/man.js",
            "searchable": 0,
            "quickSearch": 0,
            "filterable": 0,
            "ext": "http://122.51.37.23/man/js/A8音乐.js"
        },
        {
            "key": "js_酷狗MV",
            "name": "🎧酷狗音乐",
            "type": 3,
            "api": "https://vip.123pan.cn/1823165373/cally/lib/man.js",
            "searchable": 0,
            "quickSearch": 0,
            "filterable": 1,
            "ext": "http://122.51.37.23/man/js/酷狗.js"
        },
        {
            "key": "相声",
            "name": "相声BPQ",
            "type": 3,
            "searchable": 0,
            "style": {
                "type": "rect",
                "ratio": 1.597
            },
            "quickSearch": 0,
            "api": "csp_XBPQ",
            "ext": {
                "主页url": "https://www.xsmp3.com",
                "数组二次截取": "<ul id=\"post_list_box\">&&</ul",
                "数组": "<li class=\"www_xsmp3_com post_list_li\">&&</div>",
                "图片": "https://gd-filems.dancf.com/gaoding/cms/mcm79j/mcm79j/59385/6a211035-3658-45ce-a476-79f6f5dc02b71172884.png?x-oss-process=image/resize,h_1308/interlace,1",
                "标题": "title=\"&&\"",
                "副标题": ">&&</a",
                "链接": "href=\"&&\"",
                "播放二次截取": "autoplay&&;</script>",
                "播放数组": "\\[&&\\]",
                "播放列表": "{&&}",
                "播放链接": "url*\"&&\"",
                "播放标题": "name*\"&&\"",
                "播放副标题": "artist*\"&&\"",
                "线路数组": "相声随身听",
                "线路标题": "相声随身听",
                "导演": "小米",
                "主演": "相声明星",
                "简介": "相声合集",
                "分类url": "https://www.xsmp3.com/{cateId}/{catePg}.html;;av",
                "分类": "郭德纲$gdg#德云社$dys#新势力$xsxsl#青区社$qqs#马三立$msl#更多$xsmj"
            }
        },
        {
            "key": "评书",
            "name": "评书BPQ",
            "type": 3,
            "searchable": 0,
            "style": {
                "type": "rect",
                "ratio": 1.597
            },
            "quickSearch": 0,
            "api": "csp_XBPQ",
            "ext": {
                "主页url": "https://www.psmp3.com",
                "数组二次截取": "<ul id=\"post_list_box\">&&</ul",
                "数组": "<li class=\"www_psmp3_com post_list_li\">&&</div>",
                "图片": "https://bkimg.cdn.bcebos.com/pic/86d6277f9e2f07084e3cb402ee24b899a901f2f3",
                "标题": "title=\"&&\"",
                "副标题": ">&&</a",
                "链接": "href=\"&&\"",
                "播放二次截取": "autoplay&&;</script>",
                "播放数组": "\\[&&\\]",
                "播放列表": "{&&}",
                "播放链接": "url*\"&&\"",
                "播放标题": "name*\"&&\"",
                "播放副标题": "artist*\"&&\"",
                "线路数组": "评书随身听",
                "线路标题": "评书随身听",
                "导演": "小米",
                "主演": "评书明星",
                "简介": "评书合集",
                "分类url": "https://www.psmp3.com/{cateId}/{catePg}.html;;av",
                "分类": "袁阔成$ykc#单田芳$stf#田连元$tly#刘兰芳$llf#连丽如$llr#张少佐$zsz#田战义$tzy"
            }
        }
    ],
    "parses": [
        {
            "name": "聚合1",
            "type": 3,
            "url": "Demo"
        },
        {
            "name": "聚合0",
            "type": 3,
            "url": "Web"
        },
        {
            "name": "-咸鱼-",
            "type": 0,
            "url": "https://jx.xyflv.cc/?url=",
            "ext": {
                "header": {
                    "user-agent": "Mozilla/5.0 (Linux; Android 13; V2049A Build/TP1A.220624.014; wv) AppleWebKit/537.36 (KHTML, like Gecko) Version/4.0 Chrome/116.0.0.0 Mobile Safari/537.36",
                    "referer": "https://www.xyflv.cc/"
                }
            }
        },
        {
            "name": "-虾米-",
            "type": 0,
            "url": "https://jx.xmflv.com/?url=",
            "ext": {
                "header": {
                    "user-agent": "Mozilla/5.0 (Windows NT 10.0; Win64; x64) AppleWebKit/537.36 (KHTML, like Gecko) Chrome/110.0.0.0 Safari/537.36 Edg/110.0.1587.57"
                }
            }
        },
        {
            "name": "-爱酷-",
            "type": 0,
            "url": "https://jx.zhanlangbu.com/?url=",
            "ext": {
                "flag": [
                    "qq",
                    "腾讯",
                    "qiyi",
                    "爱奇艺",
                    "奇艺",
                    "youku",
                    "优酷",
                    "mgtv",
                    "芒果",
                    "letv",
                    "乐视",
                    "pptv",
                    "PPTV",
                    "sohu",
                    "bilibili",
                    "哔哩哔哩",
                    "哔哩"
                ],
                "ext": {
                    "header": {
                        "user-agent": "Mozilla/5.0 (Linux; Android 13; V2049A Build/TP1A.220624.014; wv) AppleWebKit/537.36 (KHTML, like Gecko) Version/4.0 Chrome/116.0.0.0 Mobile Safari/537.36"
                    }
                }
            }
        },
        {
            "name": "-云解析-",
            "type": 0,
            "url": "https://jx.yparse.com/index.php?url=",
            "ext": {
                "header": {
                    "user-agent": "Mozilla/5.0 (Linux; Android 13; V2049A Build/TP1A.220624.014; wv) AppleWebKit/537.36 (KHTML, like Gecko) Version/4.0 Chrome/116.0.0.0 Mobile Safari/537.36"
                }
            }
        },
        {
            "name": "-777-",
            "type": 0,
            "url": "https://jx.jsonplayer.com/player/?url=",
            "ext": {
                "header": {
                    "user-agent": "Mozilla/5.0 (Linux; Android 13; V2049A Build/TP1A.220624.014; wv) AppleWebKit/537.36 (KHTML, like Gecko) Version/4.0 Chrome/116.0.0.0 Mobile Safari/537.36"
                }
            }
        },
        {
            "name": "-剖云-",
            "type": 0,
            "url": "https://www.kkvip2022.com/vip/jiexi1/?url=",
            "ext": {
                "header": {
                    "user-agent": "Mozilla/5.0 (Linux; Android 13; V2049A Build/TP1A.220624.014; wv) AppleWebKit/537.36 (KHTML, like Gecko) Version/4.0 Chrome/116.0.0.0 Mobile Safari/537.36"
                }
            }
        },
        {
            "name": "-全看-",
            "type": 0,
            "url": "https://jx.quankan.app/?url=",
            "ext": {
                "header": {
                    "user-agent": "Mozilla/5.0 (Linux; Android 13; V2049A Build/TP1A.220624.014; wv) AppleWebKit/537.36 (KHTML, like Gecko) Version/4.0 Chrome/116.0.0.0 Mobile Safari/537.36"
                }
            }
        },
        {
            "name": "-爱豆-",
            "type": 0,
            "url": "https://jx.aidouer.net/?url=",
            "ext": {
                "header": {
                    "user-agent": "Mozilla/5.0 (Linux; Android 13; V2049A Build/TP1A.220624.014; wv) AppleWebKit/537.36 (KHTML, like Gecko) Version/4.0 Chrome/116.0.0.0 Mobile Safari/537.36",
                    "referer": "https://jiejie.uk/"
                }
            }
        }
    ],
    "doh": [
        {
            "name": "Google",
            "url": "https://dns.google/dns-query",
            "ips": [
                "8.8.4.4",
                "8.8.8.8"
            ]
        },
        {
            "name": "Cloudflare",
            "url": "https://cloudflare-dns.com/dns-query",
            "ips": [
                "1.1.1.1",
                "1.0.0.1",
                "2606:4700:4700::1111",
                "2606:4700:4700::1001"
            ]
        },
        {
            "name": "AdGuard",
            "url": "https://dns.adguard.com/dns-query",
            "ips": [
                "94.140.14.140",
                "94.140.14.141"
            ]
        },
        {
            "name": "DNSWatch",
            "url": "https://resolver2.dns.watch/dns-query",
            "ips": [
                "84.200.69.80",
                "84.200.70.40"
            ]
        },
        {
            "name": "Quad9",
            "url": "https://dns.quad9.net/dns-quer",
            "ips": [
                "9.9.9.9",
                "149.112.112.112"
            ]
        }
    ],
    "ads": [
        "mozai.4gtv.tv"
    ],
    "ijk": [
        {
            "group": "软解码",
            "options": [
                {
                    "category": 4,
                    "name": "opensles",
                    "value": "0"
                },
                {
                    "category": 4,
                    "name": "overlay-format",
                    "value": "842225234"
                },
                {
                    "category": 4,
                    "name": "framedrop",
                    "value": "1"
                },
                {
                    "category": 4,
                    "name": "soundtouch",
                    "value": "1"
                },
                {
                    "category": 4,
                    "name": "start-on-prepared",
                    "value": "1"
                },
                {
                    "category": 1,
                    "name": "http-detect-range-support",
                    "value": "0"
                },
                {
                    "category": 1,
                    "name": "fflags",
                    "value": "fastseek"
                },
                {
                    "category": 2,
                    "name": "skip_loop_filter",
                    "value": "48"
                },
                {
                    "category": 4,
                    "name": "reconnect",
                    "value": "1"
                },
                {
                    "category": 4,
                    "name": "enable-accurate-seek",
                    "value": "0"
                },
                {
                    "category": 4,
                    "name": "mediacodec",
                    "value": "0"
                },
                {
                    "category": 4,
                    "name": "mediacodec-auto-rotate",
                    "value": "0"
                },
                {
                    "category": 4,
                    "name": "mediacodec-handle-resolution-change",
                    "value": "0"
                },
                {
                    "category": 4,
                    "name": "mediacodec-hevc",
                    "value": "0"
                },
                {
                    "category": 1,
                    "name": "dns_cache_timeout",
                    "value": "600000000"
                }
            ]
        },
        {
            "group": "硬解码",
            "options": [
                {
                    "category": 4,
                    "name": "opensles",
                    "value": "0"
                },
                {
                    "category": 4,
                    "name": "overlay-format",
                    "value": "842225234"
                },
                {
                    "category": 4,
                    "name": "framedrop",
                    "value": "1"
                },
                {
                    "category": 4,
                    "name": "soundtouch",
                    "value": "1"
                },
                {
                    "category": 4,
                    "name": "start-on-prepared",
                    "value": "1"
                },
                {
                    "category": 1,
                    "name": "http-detect-range-support",
                    "value": "0"
                },
                {
                    "category": 1,
                    "name": "fflags",
                    "value": "fastseek"
                },
                {
                    "category": 2,
                    "name": "skip_loop_filter",
                    "value": "48"
                },
                {
                    "category": 4,
                    "name": "reconnect",
                    "value": "1"
                },
                {
                    "category": 4,
                    "name": "enable-accurate-seek",
                    "value": "0"
                },
                {
                    "category": 4,
                    "name": "mediacodec",
                    "value": "1"
                },
                {
                    "category": 4,
                    "name": "mediacodec-auto-rotate",
                    "value": "1"
                },
                {
                    "category": 4,
                    "name": "mediacodec-handle-resolution-change",
                    "value": "1"
                },
                {
                    "category": 4,
                    "name": "mediacodec-hevc",
                    "value": "1"
                },
                {
                    "category": 1,
                    "name": "dns_cache_timeout",
                    "value": "600000000"
                }
            ]
        }
    ],
    "rules": [
        {
            "name": "proxy",
            "hosts": [
                "raw.githubusercontent.com",
                "googlevideo.com",
                "cdn.v82u1l.com",
                "cdn.iz8qkg.com",
                "cdn.kin6c1.com",
                "c.biggggg.com",
                "c.olddddd.com",
                "haiwaikan.com",
                "www.histar.tv",
                "youtube.com",
                "uhibo.com",
                ".*boku.*",
                ".*nivod.*",
                ".*ulivetv.*",
                "wogg.link",
                "wogg.xyz"
            ]
        },
        {
            "name": "cl",
            "hosts": [
                "magnet"
            ],
            "regex": [
                "最 新",
                "直 播",
                "更 新"
            ]
        },
        {
            "name": "海外看",
            "hosts": [
                "haiwaikan"
            ],
            "regex": [
                "10.0099",
                "10.3333",
                "16.0599",
                "8.1748",
                "12.33",
                "10.85"
            ]
        },
        {
            "name": "索尼",
            "hosts": [
                "suonizy"
            ],
            "regex": [
                "15.1666",
                "15.2666"
            ]
        },
        {
            "name": "暴風",
            "hosts": [
                "bfzy"
            ],
            "regex": [
                "#EXT-X-DISCONTINUITY\\r*\\n*#EXTINF:3,[\\s\\S]*?#EXT-X-DISCONTINUITY"
            ]
        },
        {
            "name": "星星",
            "hosts": [
                "aws.ulivetv.net"
            ],
            "regex": [
                "#EXT-X-DISCONTINUITY\\r*\\n*#EXTINF:8,[\\s\\S]*?#EXT-X-DISCONTINUITY"
            ]
        },
        {
            "name": "量子",
            "hosts": [
                "vip.lz",
                "hd.lz",
                "v.cdnlz"
            ],
            "regex": [
                "18.5333",
                "17.20"
            ]
        },
        {
            "name": "非凡",
            "hosts": [
                "vip.ffzy",
                "hd.ffzy"
            ],
            "regex": [
                "25.1999",
                "25.0666",
                "25.08",
                "20.52"
            ]
        },
        {
            "name": "火山嗅探",
            "hosts": [
                "huoshan.com"
            ],
            "regex": [
                "item_id="
            ]
        },
        {
            "name": "抖音嗅探",
            "hosts": [
                "douyin.com"
            ],
            "regex": [
                "is_play_url="
            ]
        },
        {
            "name": "农民嗅探",
            "hosts": [
                "toutiaovod.com"
            ],
            "regex": [
                "video/tos/cn"
            ]
        },
        {
            "name": "七新嗅探",
            "hosts": [
                "api.52wyb.com"
            ],
            "regex": [
                "m3u8?pt=m3u8"
            ]
        },
        {
            "name": "夜市",
            "hosts": [
                "yeslivetv.com"
            ],
            "script": [
                "document.getElementsByClassName('vjs-big-play-button')[0].click()"
            ]
        },
        {
            "name": "毛驴",
            "hosts": [
                "www.maolvys.com"
            ],
            "script": [
                "document.getElementsByClassName('swal-button swal-button--confirm')[0].click()"
            ]
        },
        {
            "name": "czzy",
            "hosts": [
                "10086.cn"
            ],
            "regex": [
                "/storageWeb/servlet/downloadServlet"
            ]
        },
        {
            "name": "bdys",
            "hosts": [
                "bytetos.com",
                "byteimg.com",
                "bytednsdoc.com",
                "pstatp.com"
            ],
            "regex": [
                "/tos-cn"
            ],
            "exclude": [
                ".m3u8"
            ]
        },
        {
            "name": "bdys10",
            "hosts": [
                "bdys10.com"
            ],
            "regex": [
                "/obj/"
            ],
            "exclude": [
                ".m3u8"
            ]
        }
    ]
}