{
    "spider": "./spider2.jar",
    "lives": [
        {
            "name": "live",
            "type": 0,
            "url": "http://23.224.143.163:2202/vip/ku9.txt",
            "epg": "http://epg.112114.eu.org/?ch={name}&date={date}"
        }
    ],
    "sites": [
        {
            "key": "豆瓣",
            "name": "🅰️公众号【非凡小小】",
            "type": 3,
            "api": "csp_Douban",
            "searchable": 0
        },
        {
            "key": "网盘配置",
            "name": "⚙网盘┃配置",
            "type": 3,
            "api": "csp_Config",
            "searchable": 0,
            "changeable": 0,
            "jar": "./pg.jar",
            "ext": "./lib/tokenm.json",
            "style": {
                "type": "rect",
                "ratio": 1.5
            }
        },
        {
            "key": "Local",
            "name": "🖥️本地",
            "type": 3,
            "api": "csp_Local"
        },
        {
            "key": "PushShare",
            "name": "💻我的资源",
            "type": 3,
            "jar": "./pg.jar",
            "api": "csp_PushShare",
            "searchable": 1,
            "quickSearch": 1,
            "changeable": 1,
            "filterable": 0,
            "timeout": 60,
            "ext": "./lib/tokenm.json$$$./lib/pushshare.txt$$$db$$$1",
            "style": {
                "type": "list",
                "ratio": 1.1
            }
        },
        {
            "key": "AliShare",
            "name": "💾阿里┃云盘",
            "type": 3,
            "jar": "./pg.jar",
            "api": "csp_AliShare",
            "searchable": 1,
            "quickSearch": 1,
            "changeable": 1,
            "filterable": 0,
            "timeout": 60,
            "ext": "./lib/tokenm.json$$$./lib/alishare.txt$$$db$$$1",
            "style": {
                "type": "list",
                "ratio": 1.1
            }
        },
        {
            "key": "AliShareEBook",
            "name": "💾阿里┃云盘",
            "type": 3,
            "jar": "./pg.jar",
            "api": "csp_AliShare",
            "searchable": 0,
            "quickSearch": 0,
            "changeable": 0,
            "filterable": 0,
            "timeout": 60,
            "ext": "./lib/tokenm.json$$$./lib/alishare.ebook.txt$$$db$$$1",
            "style": {
                "type": "list",
                "ratio": 1.1
            }
        },
        {
            "key": "QuarkShare",
            "name": "💾夸克┃云盘",
            "type": 3,
            "jar": "./pg.jar",
            "api": "csp_QuarkShare",
            "searchable": 1,
            "quickSearch": 0,
            "changeable": 0,
            "filterable": 0,
            "timeout": 60,
            "ext": "./lib/tokenm.json$$$./lib/quarkshare.txt",
            "style": {
                "type": "list",
                "ratio": 1.1
            }
        },
        {
            "key": "115Share",
            "name": "💾115┃云盘",
            "type": 3,
            "jar": "./pg.jar",
            "api": "csp_P115Share",
            "searchable": 1,
            "quickSearch": 1,
            "changeable": 1,
            "filterable": 0,
            "timeout": 120,
            "ext": "./lib/tokenm.json$$$./lib/115share.txt$$$db$$$1",
            "style": {
                "type": "list",
                "ratio": 1.1
            }
        },
        {
            "key": "UCShare",
            "name": "💾UC┃云盘",
            "type": 3,
            "jar": "./pg.jar",
            "api": "csp_UCShare",
            "searchable": 1,
            "quickSearch": 0,
            "changeable": 0,
            "filterable": 0,
            "timeout": 60,
            "ext": "./lib/tokenm.json$$$./lib/ucshare.txt$$$db$$$1",
            "style": {
                "type": "list",
                "ratio": 1.1
            }
        },
        {
            "key": "ThunderShare",
            "name": "💾迅雷┃云盘",
            "type": 3,
            "jar": "./pg.jar",
            "api": "csp_ThunderShare",
            "searchable": 1,
            "quickSearch": 0,
            "changeable": 0,
            "filterable": 0,
            "timeout": 60,
            "ext": "./lib/tokenm.json$$$./lib/thundershare.txt",
            "style": {
                "type": "list",
                "ratio": 1.1
            }
        },
        {
            "key": "PikPakShare",
            "name": "💾PikPak┃云盘",
            "type": 3,
            "jar": "./pg.jar",
            "api": "csp_PikPakShare",
            "searchable": 1,
            "quickSearch": 1,
            "changeable": 1,
            "filterable": 0,
            "timeout": 60,
            "ext": "./lib/tokenm.json$$$./lib/pikpakclass.json$$$./lib/pikpakclass.json.txt.gz",
            "style": {
                "type": "list",
                "ratio": 1.1
            }
        },
        {
            "key": "SambaShare",
            "name": "💾Samba┃云盘",
            "type": 3,
            "jar": "./pg.jar",
            "api": "csp_SambaShare",
            "searchable": 0,
            "quickSearch": 0,
            "changeable": 0,
            "filterable": 0,
            "timeout": 60,
            "ext": "./lib/tokenm.json$$$./lib/sambashare.txt"
        },
        {
            "key": "Wogg",
            "name": "💾玩偶┃网盘",
            "type": 3,
            "jar": "./pg.jar",
            "api": "csp_Wogg",
            "quickSearch": 1,
            "changeable": 1,
            "filterable": 1,
            "timeout": 60,
            "ext": "./lib/tokenm.json$$$https://wogg.888484.xyz/$$$noproxy$$$1$$$./lib/wogg.json$$$WOGG"
        },
        {
            "key": "蜡笔网盘",
            "name": "💾蜡笔┃网盘",
            "type": 3,
            "jar": "./pg.jar",
            "api": "csp_Wobg",
            "quickSearch": 1,
            "changeable": 1,
            "filterable": 1,
            "timeout": 60,
            "ext": "./lib/tokenm.json$$$https://duopan.fun/$$$noproxy$$$1$$$./lib/wogg.json$$$LABI"
        },
        {
            "key": "Mogg",
            "name": "💾木偶┃网盘",
            "type": 3,
            "jar": "./pg.jar",
            "api": "csp_Wobg",
            "quickSearch": 1,
            "changeable": 1,
            "filterable": 1,
            "timeout": 60,
            "ext": "./lib/tokenm.json$$$http://mogg.top/$$$noproxy$$$1$$$./lib/wogg.json$$$MOGG"
        },
        {
            "key": "小米网盘",
            "name": "💾小米┃网盘",
            "type": 3,
            "api": "csp_Wobg",
            "quickSearch": 1,
            "jar": "./pg.jar",
            "changeable": 1,
            "filterable": 1,
            "timeout": 60,
            "ext": "./lib/tokenm.json$$$https://mihdr.top/$$$noproxy$$$1$$$./lib/wogg.json$$$XIAOMI"
        },
        {
            "key": "Ppxzy",
            "name": "💾皮皮虾┃网盘",
            "type": 3,
            "jar": "./pg.jar",
            "api": "csp_Ppxzy",
            "quickSearch": 1,
            "changeable": 1,
            "filterable": 1,
            "timeout": 60,
            "ext": "./lib/tokenm.json$$$https://ppxzy.ink$$$proxy$$$1"
        },
        {
            "key": "UP云搜",
            "name": "🔍阿里┃UP搜",
            "type": 3,
            "jar": "./pg.jar",
            "api": "csp_UpYun",
            "timeout": 30,
            "ext": "./lib/tokenm.json",
            "style": {
                "type": "list",
                "ratio": 1.1
            }
        },
        {
            "key": "直播转点播",
            "name": "📺111电视┃直播",
            "type": 3,
            "searchable": 0,
            "api": "./lib/live2vod.js",
            "ext": "./lib/feimaolive.json"
        },
        {
            "key": "腐剧视频",
            "name": "✅腐剧┃影视",
            "type": 3,
            "api": "csp_WexFujutv",
            "searchable": 1,
            "changeable": 1
        },
        {
            "key": "视频库",
            "name": "✅视频┃影视",
            "type": 3,
            "api": "csp_WebVidHub",
            "searchable": 1,
            "quickSearch": 0,
            "filterable": 0,
            "ext": "https://vidhub1.cc"
        },
        {
            "key": "机器人",
            "name": "✅机器┃影视",
            "type": 3,
            "api": "csp_Ikanbot",
            "searchable": 1,
            "quickSearch": 1,
            "changeable": 1,
            "ext": "https://v.aikanbot.com"
        },
        {
            "key": "骚火影视",
            "name": "✅骚火┃影视",
            "type": 3,
            "api": "csp_Wexsaohuo",
            "searchable": 1,
            "changeable": 1
        },
        {
            "key": "在线之家",
            "name": "✅在线┃之家",
            "type": 3,
            "api": "csp_Wexzxzj",
            "searchable": 1,
            "changeable": 1
        },
        {
            "key": "低端影视",
            "name": "✅低端┃影视",
            "type": 3,
            "api": "csp_Ddys",
            "searchable": 1,
            "quickSearch": 1,
            "filterable": 1
        },
        {
            "key": "忍者影视",
            "name": "✅忍者┃影视",
            "type": 3,
            "api": "csp_AppRZ",
            "searchable": 1,
            "quickSearch": 1,
            "filterable": 1,
            "ext": "http://rzys.xyz/"
        },
        {
            "key": "热播之家",
            "name": "✅热播┃影视",
            "type": 3,
            "api": "csp_XBPQ",
            "ext": {
                "分类": "电影$1#电视剧$2#动漫$4#综艺$5",
                "分类url": "https://rebozj.pro/type/{cateId}.html"
            }
        },
        {
            "key": "csp_xml_360",
            "name": "✅360┃资源",
            "type": 1,
            "api": "https://360zy.com/api.php/provide/vod",
            "searchable": 1,
            "quickSearch": 1,
            "filterable": 1,
            "categories": [
                "爽文短剧",
                "动作片",
                "喜剧片",
                "爱情片",
                "科幻片",
                "恐怖片",
                "剧情片",
                "战争片",
                "国产剧",
                "香港剧",
                "韩国剧",
                "欧美剧",
                "NBA",
                "惊悚片",
                "家庭篇",
                "历史片",
                "古装片",
                "悬疑片",
                "犯罪片",
                "灾难片",
                "短片",
                "动画片",
                "纪录片",
                "台湾剧",
                "大陆综艺",
                "国产动漫",
                "日韩动漫",
                "西部片"
            ]
        },
        {
            "key": "hnzy",
            "name": "✅红牛┃资源",
            "type": 1,
            "api": "https://www.hongniuzy2.com/api.php/provide/vod/",
            "searchable": 1,
            "quickSearch": 1
        },
        {
            "key": "量子影视",
            "name": "✅量子┃影视",
            "type": 0,
            "api": "https://cj.lziapi.com/api.php/provide/vod/at/xml/",
            "searchable": 1,
            "quickSearch": 1,
            "filterable": 1,
            "ads": [
                "#EXT-X-DISCONTINUITY\\r*\\n*#EXTINF:6.433333,[\\s\\S]*?#EXT-X-DISCONTINUITY"
            ],
            "categories": [
                "短剧",
                "国产剧",
                "日韩剧",
                "港台剧",
                "欧美剧",
                "泰国剧",
                "海外剧",
                "国产动漫",
                "日韩动漫",
                "欧美动漫",
                "国内综艺",
                "海外综艺",
                "动作片",
                "喜剧片",
                "爱情片",
                "动画片",
                "冒险片",
                "武侠片",
                "科幻片",
                "战争片",
                "恐怖片",
                "灾难片",
                "悬疑片",
                "纪录片",
                "惊悚片",
                "奇幻片",
                "剧情片"
            ]
        },
        {
            "key": "非凡影视",
            "name": "✅非凡┃影视",
            "type": 1,
            "api": "http://cj.ffzyapi.com//api.php/provide/vod",
            "searchable": 1,
            "quickSearch": 1,
            "filterable": 1,
            "categories": [
                "短剧",
                "动作片",
                "喜剧片",
                "科幻片",
                "恐怖片",
                "爱情片",
                "剧情片",
                "战争片",
                "记录片",
                "国产剧",
                "欧美剧",
                "香港剧",
                "韩国剧",
                "台湾剧",
                "日本剧",
                "海外剧",
                "泰国剧",
                "国产动漫",
                "日韩动漫",
                "欧美动漫",
                "港台动漫",
                "海外动漫",
                "大陆综艺",
                "港台综艺",
                "日韩综艺",
                "欧美综艺"
            ]
        },
        {
            "key": "快看",
            "name": "✅快看┃影视",
            "type": 3,
            "api": "csp_Kuaikan",
            "searchable": 1,
            "quickSearch": 1,
            "changeable": 0,
            "filterable": 1
        },
        {
            "key": "索尼资源",
            "name": "✅索尼┃影视",
            "type": 1,
            "api": "https://suoniapi.com/api.php/provide/vod/from/snm3u8/",
            "categories": [
                "动作片",
                "喜剧片",
                "爱情片",
                "科幻片",
                "恐怖片",
                "剧情片",
                "战争片",
                "国产剧",
                "欧美剧",
                "韩剧",
                "日剧",
                "港剧",
                "台剧",
                "泰剧",
                "海外剧",
                "纪录片",
                "大陆综艺",
                "日韩综艺",
                "港台综艺",
                "欧美综艺",
                "国产动漫",
                "日韩动漫",
                "欧美动漫",
                "动画片",
                "港台动漫",
                "海外动漫",
                "演唱会",
                "体育赛事",
                "篮球",
                "足球",
                "预告片",
                "斯诺克",
                "影视解说"
            ],
            "searchable": 1,
            "quickSearch": 1
        },
        {
            "key": "荐片",
            "name": "🧲荐片┃磁力",
            "type": 3,
            "api": "csp_JianPian",
            "playerType": 1,
            "searchable": 1,
            "quickSearch": 1,
            "filterable": 1,
            "ext": "http://api2.rinhome.com"
        },
        {
            "key": "New6v",
            "name": "🧲New6V┃磁力",
            "type": 3,
            "api": "csp_New6v",
            "searchable": 1,
            "quickSearch": 1,
            "filterable": 1,
            "ext": "https://www.xb6v.com"
        },
        {
            "key": "SeedHub",
            "name": "🧲SeedHub┃磁力",
            "type": 3,
            "api": "csp_SeedHub",
            "searchable": 1,
            "quickSearch": 1,
            "filterable": 1
        },
        {
            "key": "迅雷吧",
            "name": "🧲迅雷吧┃磁力",
            "type": 3,
            "api": "csp_Xunlei8",
            "searchable": 1,
            "quickSearch": 1,
            "filterable": 1
        },
        {
            "key": "Mp4电影",
            "name": "🧲Mp4电影┃磁力",
            "type": 3,
            "api": "csp_Mp4Mov",
            "searchable": 1,
            "quickSearch": 1,
            "filterable": 1
        },
        {
            "key": "酷吧电影",
            "name": "🧲酷吧┃磁力",
            "type": 3,
            "api": "csp_KubaCL",
            "searchable": 1,
            "quickSearch": 1,
            "filterable": 1
        },
        {
            "key": "美剧天堂",
            "name": "🧲美剧┃磁力",
            "type": 3,
            "api": "csp_MeijuTT",
            "searchable": 1,
            "quickSearch": 1,
            "filterable": 1
        },
        {
            "key": "4KHDR",
            "name": "🧲4KHDR┃磁力",
            "type": 3,
            "jar": "./pg.jar",
            "api": "csp_FourKHDR",
            "quickSearch": 1,
            "changeable": 1,
            "filterable": 1,
            "timeout": 60,
            "ext": "./lib/tokenm.json$$$./lib/4khdr.txt$$$1",
            "style": {
                "type": "list",
                "ratio": 1.1
            }
        },
        {
            "key": "BLSGod",
            "name": "🧲BLSGod┃磁力",
            "type": 3,
            "jar": "./pg.jar",
            "api": "csp_BLSGod",
            "changeable": 1,
            "timeout": 60
        },
        {
            "key": "精品短剧",
            "name": "🎬精品┃短剧",
            "type": 3,
            "api": "csp_Wexduanjuvip",
            "searchable": 1,
            "changeable": 1
        },
        {
            "key": "星芽短剧",
            "name": "🎬星芽┃短剧",
            "type": 3,
            "api": "csp_AppXY",
            "searchable": 1,
            "quickSearch": 0,
            "filterable": 0
        },
        {
            "key": "酷狗",
            "name": "🎤酷狗┃音乐",
            "type": 3,
            "jar": "./pg.jar",
            "api": "csp_Kugou",
            "searchable": 1,
            "changeable": 0
        },
        {
            "key": "push_agent",
            "name": "推送",
            "type": 3,
            "api": "csp_Push",
            "changeable": 0,
            "timeout": 30,
            "ext": "./lib/tokenm.json"
        }
    ],
    "doh": [
        {
            "name": "Google",
            "url": "https://dns.google/dns-query",
            "ips": [
                "8.8.4.4",
                "8.8.8.8"
            ]
        },
        {
            "name": "Cloudflare",
            "url": "https://cloudflare-dns.com/dns-query",
            "ips": [
                "1.1.1.1",
                "1.0.0.1",
                "2606:4700:4700::1111",
                "2606:4700:4700::1001"
            ]
        },
        {
            "name": "AdGuard",
            "url": "https://dns.adguard.com/dns-query",
            "ips": [
                "94.140.14.140",
                "94.140.14.141"
            ]
        },
        {
            "name": "DNSWatch",
            "url": "https://resolver2.dns.watch/dns-query",
            "ips": [
                "84.200.69.80",
                "84.200.70.40"
            ]
        },
        {
            "name": "Quad9",
            "url": "https://dns.quad9.net/dns-quer",
            "ips": [
                "9.9.9.9",
                "149.112.112.112"
            ]
        }
    ],
    "rules": [
        {
            "name": "proxy",
            "hosts": [
                "raw.githubusercontent.com",
                "googlevideo.com",
                "cdn.v82u1l.com",
                "cdn.iz8qkg.com",
                "cdn.kin6c1.com",
                "c.biggggg.com",
                "c.olddddd.com",
                "haiwaikan.com",
                "www.histar.tv",
                "youtube.com",
                "uhibo.com",
                ".*boku.*",
                ".*nivod.*",
                "*.t4tv.hz.cz",
                ".*ulivetv.*"
            ]
        },
        {
            "host": "www.djuu.com",
            "rule": [
                "mp4.djuu.com",
                "m4a"
            ]
        },
        {
            "host": "www.sharenice.net",
            "rule": [
                "huoshan.com",
                "/item/video/"
            ],
            "filter": []
        },
        {
            "host": "www.sharenice.net",
            "rule": [
                "sovv.qianpailive.com",
                "vid="
            ],
            "filter": []
        },
        {
            "host": "www.sharenice.net",
            "rule": [
                "douyin.com",
                "/play/"
            ]
        },
        {
            "host": "m.ysxs8.vip",
            "rule": [
                "ysting.ysxs8.vip:81",
                "xmcdn.com"
            ],
            "filter": []
        },
        {
            "host": "hdmoli.com",
            "rule": [
                ".m3u8"
            ]
        },
        {
            "host": "https://api.live.bilibili.com",
            "rule": [
                "bilivideo.com",
                "/index.m3u8"
            ],
            "filter": [
                "data.bilibili.com/log/web",
                "i0.hdslb.com/bfs/live/"
            ]
        },
        {
            "host": "www.agemys.cc",
            "rule": [
                "cdn-tos",
                "obj/tos-cn"
            ]
        },
        {
            "host": "www.fun4k.com",
            "rule": [
                "https://hd.ijycnd.com/play",
                "index.m3u8"
            ]
        },
        {
            "host": "zjmiao.com",
            "rule": [
                "play.videomiao.vip/API.php",
                "time=",
                "key=",
                "path="
            ]
        },
        {
            "name": "火山嗅探",
            "hosts": [
                "huoshan.com"
            ],
            "regex": [
                "item_id="
            ]
        },
        {
            "name": "抖音嗅探",
            "hosts": [
                "douyin.com"
            ],
            "regex": [
                "is_play_url="
            ]
        },
        {
            "name": "農民嗅探",
            "hosts": [
                "toutiaovod.com"
            ],
            "regex": [
                "video/tos/cn"
            ]
        },
        {
            "name": "夜市",
            "hosts": [
                "yeslivetv.com"
            ],
            "script": [
                "document.getElementsByClassName('vjs-big-play-button')[0].click()"
            ]
        },
        {
            "name": "毛驢",
            "hosts": [
                "www.maolvys.com"
            ],
            "script": [
                "document.getElementsByClassName('swal-button swal-button--confirm')[0].click()"
            ]
        },
        {
            "name": "磁力广告",
            "hosts": [
                "magnet"
            ],
            "regex": [
                "更多",
                "社 區",
                "x u u",
                "最 新",
                "直 播",
                "更 新",
                "社 区",
                "有 趣",
                "英皇体育",
                "全中文AV在线",
                "澳门皇冠赌场",
                "哥哥快来",
                "美女荷官",
                "裸聊",
                "新片首发",
                "UUE29"
            ]
        }
    ],
    "parses": [],
    "flags": [
        "youku",
        "qq",
        "iqiyi",
        "qiyi",
        "letv",
        "sohu",
        "tudou",
        "pptv",
        "mgtv",
        "wasu"
    ],
    "wallpaper": "http://饭太硬.top/深色壁纸/api.php",
    "disabled_wallpaper": "http://www.kf666888.cn/api/tvbox/img"
}