{
    "spider": "./chuanshuo.jar;md5;a0bca472da42c05997d50e6fb3e95d24",
    "wallpaper": "https://tuapi.eees.cc/api.php?category=fengjing&type=302",
    "warningText": "公众号：电视盒子集 整理，请勿付费购买！",
    "sites": [
        {
            "key": "csp_DouDou",
            "name": "公众号：电视魔盒",
            "type": 3,
            "api": "csp_DouDou",
            "searchable": 0,
            "quickSearch": 0,
            "filterable": 1
        },
        {
            "key": "星星",
            "name": "星星",
            "type": 3,
            "api": "csp_XBPQ",
            "searchable": 1,
            "quickSearch": 1,
            "filterable": 1,
            "ext": {
                "请求头": "手机",
                "主页url": "https://www.guosheji.com/",
                "数组": "myui-vodlist__thumb&&</a>",
                "简介": "简介：&&</a>",
                "副标题": "<span class=\"pic-text text-right\">&&</span>",
                "线路数组": "#playlist&&</li>[不包含:秒播]",
                "线路标题": "+>&&</a>+",
                "搜索标题": "title=\"&&\"",
                "搜索副标题": "text-right\">&&</span>",
                "搜索图片": "data-original=\"&&\"",
                "搜索链接": "href=\"&&\"",
                "播放数组": "<ul class=\"myui-content__list&&</ul>",
                "播放标题": ">&&</a>[不包含:дрр滈凊]",
                "播放列表": "<li&&</li>",
                "跳转解析": "默认$https://jiexi.ddmz6.com/api/publicApi.php?url=",
                "搜索url": "https://www.guosheji.com/xingsc/{wd}-------------.html",
                "嗅探词": ".m3u8#.mp4#.flv#.mp3#.m4a",
                "分类": "电影$1#电视剧$2#动漫$4#综艺$3",
                "分类url": "https://www.guosheji.com/xingsw/{cateId}-{area}-{by}-{class}-{lang}----{catePg}---{year}/;;ak"
            }
        },
        {
            "key": "蓝光岛",
            "name": "蓝光岛",
            "type": 3,
            "api": "csp_XBPQ",
            "searchable": 1,
            "quickSearch": 1,
            "filterable": 1,
            "ext": {
                "请求头": "手机",
                "主页url": "https://languangdao4.com/",
                "数组": "class=\"stui-vodlist__box\">&&</div>",
                "简介": "剧情简介</h3>&&</span>",
                "线路数组": "href=\"#playlist*\"&&</li>",
                "线路标题": "tab\">&&<",
                "播放数组": "class=\"stui-content__playlist clearfix\"&&</ul>",
                "播放列表": "<li&&</li>",
                "播放标题": "&&</a",
                "播放链接": "href=\"&&\"",
                "搜索数组": "lazyload\"&&</a",
                "搜索图片": "data-original=\"&&\"",
                "搜索标题": "title=\"&&\"",
                "搜索链接": "href=\"&&\"",
                "搜索副标题": "<span class=\"pic-text text-right\">&&</span>",
                "嗅探词": ".m3u8#.mp4#.flv#.mp3#.m4a",
                "搜索url": "https://languangdao4.com/search-{wd}---id----------.html",
                "分类": "电影$dianying#电视剧$dianshiju#动漫$dongman#综艺$zongyi",
                "分类url": "https://languangdao2.com/show-{cateId}--{by}------{catePg}---.html"
            }
        },
        {
            "key": "黑狐",
            "name": "黑狐",
            "type": 3,
            "api": "csp_XBPQ",
            "searchable": 1,
            "quickSearch": 1,
            "filterable": 1,
            "ext": {
                "请求头": "手机",
                "主页url": "http://taikang.com.fagmn.com/",
                "数组": "class=\"stui-vodlist__box\">&&</div>",
                "简介": "简介：&&</a>",
                "副标题": "<span class=\"pic-text text-right\">&&</span>",
                "线路数组": "href=\"stui-pannel__head clearfix\"&&</li>",
                "线路标题": "&&",
                "播放数组": "<ul class=\"stui-content__playlist clearfix&&</ul>",
                "播放列表": "<li&&</li>",
                "播放标题": ">&&</a",
                "播放链接": "href=\"&&\"",
                "搜索数组": "<a class=\"v-thumb stui-vodlist__thumb&&</a>",
                "搜索模式": "1",
                "搜索图片": "data-original=\"&&\"",
                "搜索标题": "title=\"&&\"",
                "搜索副标题": "<span class=\"pic-text text-right\">&&</span>",
                "嗅探词": ".m3u8#.mp4#.flv#.mp3#.m4a",
                "搜索链接": "href=\"&&\"",
                "搜索url": "http://taikang.com.fagmn.com/search.php;post;searchword={wd}",
                "分类": "电影$1#电视剧$2#动漫$3#综艺$4",
                "分类url": "http://taikang.com.fagmn.com/list/{cateId}_{catePg}.html"
            }
        },
        {
            "key": "番茄",
            "name": "番茄",
            "type": 3,
            "api": "csp_XBPQ",
            "searchable": 1,
            "quickSearch": 1,
            "filterable": 1,
            "ext": {
                "请求头": "手机",
                "主页url": "https://www.yirenmeng.com",
                "数组": "",
                "标题": "title=\"&&\"",
                "副标题": "class=\"module-info-item\">&&</div>",
                "链接": "",
                "简介": "",
                "线路数组": "class=\"module-tab-item tab-item\"&&</div>",
                "线路标题": "<span>&&</small>[替换:</span><small>>>(共]+集)",
                "搜索副标题": "<span class=\"pic-text text-right\">&&</span>",
                "跳转解析": "默认$https://jx.shipinbofang.net:55666/player/jiexi.php?code=5566jiexi&if=1&url=",
                "分类url": "https://www.yirenmeng.com/vodshow/{cateId}-{area}-{by}-{class}-----{catePg}---{year}/[https://www.yirenmeng.com/vodtype/{cateId}/];;rc",
                "分类": "电影$dianying#电视剧$dsj#综艺$zongyi#动漫$dongman#4K$4kdianying"
            }
        },
        {
            "key": "csp_SP360",
            "name": "360",
            "type": 3,
            "api": "csp_SP360"
        },
        {
            "key": "比特",
            "name": "比特",
            "type": 3,
            "api": "csp_Bttwoo",
            "searchable": 1,
            "quickSearch": 1,
            "changeable": 1
        },
        {
            "key": "csp_Jianpian",
            "name": "荐片",
            "type": 3,
            "api": "csp_Jianpian",
            "searchable": 1,
            "quickSearch": 1,
            "filterable": 1,
            "ext": "http://api2.rinhome.com"
        },
        {
            "key": "奇优",
            "name": "奇优影院",
            "type": 3,
            "api": "csp_XBPQ",
            "searchable": 1,
            "quickSearch": 1,
            "filterable": 1,
            "ext": {
                "请求头": "手机",
                "主页url": "http://www.qiyoudy4.com/",
                "简介": "&&</div>",
                "数组": "<div class=\"stui-vodlist__box\">&&</a>",
                "图片": "data-original=\"&&\"",
                "标题": "title=\"&&\"",
                "副标题": "text-right\">&&</span>",
                "链接": "href=\"&&\"",
                "搜索url": "http://www.qiyoudy4.com/search.php;post;searchword={wd}",
                "搜索数组": "v-thumb stui-vodlist__thumb&&</a>",
                "搜索图片": "data-original=\"&&\"",
                "搜索标题": "title=\"&&\"",
                "搜索副标题": "text-right\">&&</span>",
                "搜索链接": "href=\"&&\"",
                "线路数组": "data-toggle=\"tab\"&&</li>",
                "线路标题": ">&&</a>",
                "播放数组": "stui-content__playlist clearfix&&</ul>",
                "播放列表": "<li>&&</li>",
                "播放标题": ">&&</a>",
                "分类url": "http://www.qiyoudy4.com/list/{cateId}_{catePg}.html;;ak",
                "分类": "电影$1#电视剧$2#动漫$3#综艺$4"
            }
        },
        {
            "key": "csp_Bttwoo",
            "name": "比特",
            "type": 3,
            "api": "csp_Bttwoo",
            "searchable": 1,
            "quickSearch": 1,
            "filterable": 1
        },
        {
            "key": "低端",
            "name": "低端",
            "type": 3,
            "api": "csp_Ddrk",
            "playerType": "2",
            "searchable": 1,
            "quickSearch": 1,
            "changeable": 1
        },
        {
            "key": "1111",
            "name": "关注公众号 快递超惠寄",
            "type": 3,
            "api": "1111",
            "searchable": 1,
            "quickSearch": 1,
            "filterable": 1
        },
        {
            "key": "新6V",
            "name": "新6V磁力",
            "type": 3,
            "api": "csp_SixV",
            "searchable": 1,
            "quickSearch": 1,
            "changeable": 0,
            "ext": "http://www.xb6v.com/"
        },
        {
            "key": "csp_Anime1",
            "name": "动漫",
            "type": 3,
            "api": "csp_Anime1",
            "searchable": 1,
            "quickSearch": 1,
            "filterable": 1
        },
        {
            "key": "Bili",
            "name": "哔哔合集",
            "type": 3,
            "api": "csp_Bili",
            "style": {
                "type": "rect",
                "ratio": 1.597
            },
            "searchable": 1,
            "quickSearch": 0,
            "changeable": 0,
            "ext": "https://gitlab.com/fantaiying/ext/-/raw/main/bilibili.json"
        }
    ],
    "parses": [
        {
            "name": "Json聚合",
            "type": 3,
            "url": "Demo"
        },
        {
            "name": "Web聚合",
            "type": 3,
            "url": "Web"
        },
        {
            "name": "冰豆",
            "type": 0,
            "url": "https://bd.jx.cn/?url=",
            "ext": {
                "flag": [
                    "qq",
                    "腾讯",
                    "qiyi",
                    "爱奇艺",
                    "奇艺",
                    "youku",
                    "优酷",
                    "mgtv",
                    "芒果",
                    "letv",
                    "乐视",
                    "pptv",
                    "PPTV",
                    "sohu",
                    "bilibili",
                    "哔哩哔哩",
                    "哔哩"
                ]
            }
        },
        {
            "name": "xmflv",
            "type": 0,
            "url": "https://jx.xmflv.com/?url=",
            "ext": {
                "flag": [
                    "qq",
                    "腾讯",
                    "qiyi",
                    "爱奇艺",
                    "奇艺",
                    "youku",
                    "优酷",
                    "mgtv",
                    "芒果",
                    "letv",
                    "乐视",
                    "pptv",
                    "PPTV",
                    "sohu",
                    "bilibili",
                    "哔哩哔哩",
                    "哔哩"
                ]
            }
        },
        {
            "name": "yemu",
            "type": 0,
            "url": "https://www.yemu.xyz/?url=",
            "ext": {
                "flag": [
                    "qq",
                    "腾讯",
                    "qiyi",
                    "爱奇艺",
                    "奇艺",
                    "youku",
                    "优酷",
                    "mgtv",
                    "芒果",
                    "letv",
                    "乐视",
                    "pptv",
                    "PPTV",
                    "sohu",
                    "bilibili",
                    "哔哩哔哩",
                    "哔哩"
                ],
                "header": {
                    "User-Agent": "okhttp/4.1.0"
                }
            }
        },
        {
            "name": "m3u8.tv",
            "type": 0,
            "url": "https://jx.m3u8.tv/jiexi/?url=",
            "ext": {
                "flag": [
                    "qq",
                    "腾讯",
                    "qiyi",
                    "爱奇艺",
                    "奇艺",
                    "youku",
                    "优酷",
                    "mgtv",
                    "芒果",
                    "letv",
                    "乐视",
                    "pptv",
                    "PPTV",
                    "sohu",
                    "bilibili",
                    "哔哩哔哩",
                    "哔哩"
                ]
            }
        }
    ],
    "lives": [
        {
            "name": "live",
            "type": 0,
            "url": "http://152.32.170.60/Yoursmile7/TVBox/raw/branch/master/live.txt",
            "playerType": 1,
            "epg": "http://diyp.112114.xyz/?ch={name}&date={date}",
            "logo": "https://epg.112114.xyz/logo/{name}.png"
        }
    ],
    "doh": [
        {
            "name": "Google",
            "url": "https://dns.google/dns-query",
            "ips": [
                "8.8.4.4",
                "8.8.8.8"
            ]
        },
        {
            "name": "Cloudflare",
            "url": "https://cloudflare-dns.com/dns-query",
            "ips": [
                "1.1.1.1",
                "1.0.0.1",
                "2606:4700:4700::1111",
                "2606:4700:4700::1001"
            ]
        },
        {
            "name": "AdGuard",
            "url": "https://dns.adguard.com/dns-query",
            "ips": [
                "94.140.14.140",
                "94.140.14.141"
            ]
        },
        {
            "name": "DNSWatch",
            "url": "https://resolver2.dns.watch/dns-query",
            "ips": [
                "84.200.69.80",
                "84.200.70.40"
            ]
        },
        {
            "name": "Quad9",
            "url": "https://dns.quad9.net/dns-quer",
            "ips": [
                "9.9.9.9",
                "149.112.112.112"
            ]
        }
    ],
    "rules": [
        {
            "name": "lz",
            "hosts": [
                "vip.lz",
                "hd.lz",
                "v.cdnlz"
            ],
            "regex": [
                "#EXT-X-DISCONTINUITY\\r*\\n*#EXTINF:6.433333,[\\s\\S]*?#EXT-X-DISCONTINUITY",
                "#EXTINF.*?\\s+.*?1o.*?\\.ts\\s+"
            ]
        },
        {
            "name": "ff",
            "hosts": [
                "vip.ffzy",
                "hd.ffzy"
            ],
            "regex": [
                "#EXT-X-DISCONTINUITY\\r*\\n*#EXTINF:6.666667,[\\s\\S]*?#EXT-X-DISCONTINUITY",
                "#EXTINF.*?\\s+.*?1o.*?\\.ts\\s+"
            ]
        },
        {
            "name": "bf",
            "hosts": [
                "bfzy",
                "s5.bfzycdn"
            ],
            "regex": [
                "#EXT-X-DISCONTINUITY\\r*\\n*#EXTINF:3,[\\s\\S]*?#EXT-X-DISCONTINUITY",
                "#EXTINF.*?\\s+.*?1o.*?\\.ts\\s+"
            ]
        },
        {
            "name": "hs",
            "hosts": [
                "huoshan.com"
            ],
            "regex": [
                "item_id="
            ]
        },
        {
            "name": "dy",
            "hosts": [
                "douyin.com"
            ],
            "regex": [
                "is_play_url="
            ]
        },
        {
            "name": "cl",
            "hosts": [
                "magnet"
            ],
            "regex": [
                "最 新",
                "直 播",
                "更 新"
            ]
        }
    ],
    "flags": [
        "youku",
        "qq",
        "QQ",
        "iqiyi",
        "qiyi",
        "letv",
        "sohu",
        "tudou",
        "pptv",
        "PPTV",
        "mgtv",
        "ltnb",
        "rx",
        "SLYS4k",
        "BYGA",
        "BYGB",
        "luanzi",
        "dxzy",
        "QEYSS",
        "aliyun",
        "AliS",
        "122",
        "chuangying",
        "CL4K",
        "xfyun",
        "wuduzy",
        "wasu",
        "bilibili",
        "renrenmi",
        "xmm",
        "xigua",
        "m1905",
        "funshion",
        "优酷",
        "芒果",
        "腾讯",
        "爱奇艺",
        "奇艺",
        "哔哩哔哩",
        "哔哩",
        "西瓜视频",
        "腾讯视频",
        "奇艺视频",
        "优酷视频",
        "芒果视频",
        "乐视视频",
        "FY",
        "fy",
        "FeiYun",
        "feiyun",
        "飞云"
    ],
    "ijk": [
        {
            "group": "软解码",
            "options": [
                {
                    "category": 4,
                    "name": "opensles",
                    "value": "0"
                },
                {
                    "category": 4,
                    "name": "overlay-format",
                    "value": "842225234"
                },
                {
                    "category": 4,
                    "name": "framedrop",
                    "value": "1"
                },
                {
                    "category": 4,
                    "name": "soundtouch",
                    "value": "1"
                },
                {
                    "category": 4,
                    "name": "start-on-prepared",
                    "value": "1"
                },
                {
                    "category": 1,
                    "name": "http-detect-rangeupport",
                    "value": "0"
                },
                {
                    "category": 1,
                    "name": "fflags",
                    "value": "fastseek"
                },
                {
                    "category": 2,
                    "name": "skip_loop_filter",
                    "value": "48"
                },
                {
                    "category": 4,
                    "name": "reconnect",
                    "value": "1"
                },
                {
                    "category": 4,
                    "name": "enable-accurateeek",
                    "value": "0"
                },
                {
                    "category": 4,
                    "name": "mediacodec",
                    "value": "0"
                },
                {
                    "category": 4,
                    "name": "mediacodec-auto-rotate",
                    "value": "0"
                },
                {
                    "category": 4,
                    "name": "mediacodec-handle-resolution-change",
                    "value": "0"
                },
                {
                    "category": 4,
                    "name": "mediacodec-hevc",
                    "value": "0"
                },
                {
                    "category": 1,
                    "name": "dns_cache_timeout",
                    "value": "600000000"
                }
            ]
        },
        {
            "group": "硬解码",
            "options": [
                {
                    "category": 4,
                    "name": "opensles",
                    "value": "0"
                },
                {
                    "category": 4,
                    "name": "overlay-format",
                    "value": "842225234"
                },
                {
                    "category": 4,
                    "name": "framedrop",
                    "value": "1"
                },
                {
                    "category": 4,
                    "name": "soundtouch",
                    "value": "1"
                },
                {
                    "category": 4,
                    "name": "start-on-prepared",
                    "value": "1"
                },
                {
                    "category": 1,
                    "name": "http-detect-rangeupport",
                    "value": "0"
                },
                {
                    "category": 1,
                    "name": "fflags",
                    "value": "fastseek"
                },
                {
                    "category": 2,
                    "name": "skip_loop_filter",
                    "value": "48"
                },
                {
                    "category": 4,
                    "name": "reconnect",
                    "value": "1"
                },
                {
                    "category": 4,
                    "name": "enable-accurateeek",
                    "value": "0"
                },
                {
                    "category": 4,
                    "name": "mediacodec",
                    "value": "1"
                },
                {
                    "category": 4,
                    "name": "mediacodec-auto-rotate",
                    "value": "1"
                },
                {
                    "category": 4,
                    "name": "mediacodec-handle-resolution-change",
                    "value": "1"
                },
                {
                    "category": 4,
                    "name": "mediacodec-hevc",
                    "value": "1"
                },
                {
                    "category": 1,
                    "name": "dns_cache_timeout",
                    "value": "600000000"
                }
            ]
        }
    ],
    "ads": [
        "iqiyi.hbuioo.com",
        "vip.ffzyad.com",
        "wan.51img1.com",
        "https://lf1-cdn-tos.bytegoofy.com/obj/tos-cn-i-dy/455ccf9e8ae744378118e4bd289288dd",
        "mimg.0c1q0l.cn",
        "www.googletagmanager.com",
        "www.google-analytics.com",
        "mc.usihnbcq.cn",
        "mg.g1mm3d.cn",
        "mscs.svaeuzh.cn",
        "cnzz.hhttm.top",
        "tp.vinuxhome.com",
        "cnzz.mmstat.com",
        "www.baihuillq.com",
        "s23.cnzz.com",
        "z3.cnzz.com",
        "c.cnzz.com",
        "stj.v1vo.top",
        "z12.cnzz.com",
        "img.mosflower.cn",
        "tips.gamevvip.com",
        "ehwe.yhdtns.com",
        "xdn.cqqc3.com",
        "www.jixunkyy.cn",
        "sp.chemacid.cn",
        "hm.baidu.com",
        "s9.cnzz.com",
        "z6.cnzz.com",
        "um.cavuc.com",
        "mav.mavuz.com",
        "wofwk.aoidf3.com",
        "z5.cnzz.com",
        "xc.hubeijieshikj.cn",
        "tj.tianwenhu.com",
        "xg.gars57.cn",
        "k.jinxiuzhilv.com",
        "cdn.bootcss.com",
        "ppl.xunzhuo123.com",
        "xomk.jiangjunmh.top",
        "img.xunzhuo123.com",
        "z1.cnzz.com",
        "s13.cnzz.com",
        "xg.huataisangao.cn",
        "z7.cnzz.com",
        "xg.huataisangao.cn",
        "z2.cnzz.com",
        "s96.cnzz.com",
        "q11.cnzz.com",
        "thy.dacedsfa.cn",
        "xg.whsbpw.cn",
        "s19.cnzz.com",
        "z8.cnzz.com",
        "s4.cnzz.com",
        "f5w.as12df.top",
        "ae01.alicdn.com",
        "www.92424.cn",
        "k.wudejia.com",
        "vivovip.mmszxc.top",
        "qiu.xixiqiu.com",
        "cdnjs.hnfenxun.com",
        "cms.qdwght.com"
    ]
}