{
    "urls": [
        {
            "url": "https://git.acwing.com/iduoduo/orange/-/raw/main/jsm.json",
            "name": "⚡多多┃网盘线路"
        },
        {
            "url": "https://gh.con.sh/https://raw.githubusercontent.com/leevi0709/one/main/jsm.json",
            "name": "⚡多多┃One线路"
        },
        {
            "url": "http://ok321.top/ok",
            "name": "⚡多多┃OK线路"
        },
        {
            "url": "http://www.饭太硬.com/tv",
            "name": "⚡多多┃饭太硬线路"
        },
        {
            "url": "https://xn--tkh-mf3g9f.v.nxog.top/m/111.php?ou=公众号欧歌app&mz=index&jar=index&123&b=欧歌tkh",
            "name": "⚡多多┃欧歌线路"
        },
        {
            "url": "http://肥猫.com",
            "name": "⚡多多┃肥猫线路"
        },
        {
            "url": "http://我不是.摸鱼儿.com",
            "name": "⚡多多┃摸鱼线路"
        },
        {
            "url": "https://cdn.gitmirror.com/gl/duomv/dzhipy/main/index.json",
            "name": "⚡多多┃道长线路"
        },
        {
            "url": "https://github.moeyy.xyz/https://raw.githubusercontent.com/PizazzGY/TVBox/main/api.json",
            "name": "⚡多多┃潇洒线路"
        },
        {
            "url": "https://100km.top/0",
            "name": "⚡多多┃Ray线路"
        },
        {
            "url": "https://gh.con.sh/https://raw.githubusercontent.com/ouhaibo1980/tvbox/master/pg/jsm.json",
            "name": "⚡多多┃PG线路"
        },
        {
            "url": "http://www.mpanso.com/小米/DEMO.json",
            "name": "⚡多多┃小米线路"
        },
        {
            "url": "http://tvbox.王二小放牛娃.top",
            "name": "⚡多多┃王二小线路"
        },
        {
            "url": "https://cdn05042023.gitlink.org.cn/wykj/ys/raw/branch/master/ya.json",
            "name": "⚡多多┃无意云线路"
        },
        {
            "url": "https://download.kstore.space/download/2883/nzk/nzk0722.json",
            "name": "⚡多多┃D佬魔改"
        },
        {
            "url": "http://74.120.175.78/JK/XYQTVBox/dj.json",
            "name": "⚡多多┃短剧大全"
        },
        {
            "url": "http://rihou.cc:88/荷城茶秀",
            "name": "☀️多多┃荷城线路"
        },
        {
            "url": "http://ttkx.live:55/天天开心",
            "name": "☀️多多┃开心线路"
        },
        {
            "url": "https://gitlink.org.cn/api/hailin/aishangtv5/raw/tvbox/aishang.json?ref=master",
            "name": "☀️多多┃春盈线路"
        },
        {
            "url": "https://github.moeyy.xyz/https://raw.githubusercontent.com/yoursmile66/TVBox/main/XC.json",
            "name": "☀️多多┃南风线路"
        },
        {
            "url": "https://fmbox.cc",
            "name": "☀️多多┃星辰线路"
        },
        {
            "url": "http://tvbox.稳定接口.com",
            "name": "☀️多多┃盒子线路"
        },
        {
            "url": "http://meowtv.cn/tv",
            "name": "☀️多多┃喵影视"
        },
        {
            "url": "http://itvbox.cc/云星日记",
            "name": "☀️多多┃云星日记"
        },
        {
            "url": "http://ztha.top/TVBox/thdjk.json",
            "name": "☀️多多┃挺好线路"
        },
        {
            "url": "https://gitee.com/xmbjmjk/omg/raw/master/omg.json",
            "name": "☀️多多┃拾光线路"
        },
        {
            "url": "https://gitee.com/tv888/tv/raw/master/svip.json",
            "name": "☀️多多┃天微线路"
        },
        {
            "url": "http://ygbh.live/box.php",
            "name": "☀️多多┃月光线路"
        },
        {
            "url": "https://www.xn--rgv465a.top/无界线路禁止贩卖",
            "name": "☀️多多┃无界线路"
        },
        {
            "url": "http://52pan.top:81/api/v3/file/get/174964/吾爱评测.m3u?sign=rPssLoffquDXszCARt6UNF8MobSa1FA27XomzOluJBY=:0",
            "name": "☀️多多┃吾爱线路"
        },
        {
            "url": "https://notabug.org/qizhen15800/My9394/raw/master/不良帅.json",
            "name": "🌙多多┃不良帅线路"
        },
        {
            "url": "https://github.moeyy.xyz/https://raw.githubusercontent.com/liu673cn/box/main/m.json",
            "name": "🌙多多┃老刘备线路"
        },
        {
            "url": "https://ghproxy.net/https://raw.githubusercontent.com/yyfxz/qqtv/main/夜猫子.json",
            "name": "🌙多多┃夜猫子线路"
        },
        {
            "name": "🌙多多┃运输车线路",
            "url": "https://weixine.net/ysc.json"
        },
        {
            "url": "https://gitee.com/hyxuan_admin/xnf/raw/master/xnf.json",
            "name": "🌙多多┃环宇轩线路"
        },
        {
            "url": "https://www.gitlink.org.cn/api/kvymin/TVRule/raw/config.json?ref=master",
            "name": "🌙多多┃茶余线路"
        },
        {
            "url": "https://github.moeyy.xyz/https://raw.githubusercontent.com/gaotianliuyun/gao/master/js.json",
            "name": "🌙多多┃高天流云"
        },
        {
            "url": "https://龙伊.top",
            "name": "🌙多多┃龙伊线路"
        },
        {
            "url": "https://yydf.540734621.xyz/QQ/yydf2024.json",
            "name": "🌙多多┃业余线路"
        },
        {
            "url": "https://github.moeyy.xyz/https://raw.githubusercontent.com/2hacc/TVBox/main/tvbox.json",
            "name": "🌙多多┃二哈线路"
        },
        {
            "url": "http://cdn.qiaoji8.com/tvbox.json",
            "name": "🌙多多┃巧技线路"
        },
        {
            "url": "https://tv.xn--yhqu5zs87a.top",
            "name": "🌙多多┃菜妮丝线路"
        },
        {
            "url": "https://github.moeyy.xyz/https://raw.githubusercontent.com/xyq254245/xyqonlinerule/main/XYQTVBox.json",
            "name": "🌙多多┃香雅情线路"
        },
        {
            "url": "https://szyyds.cn/tv/x.json",
            "name": "🌙多多┃小马线路"
        }
    ]
}