{
	"spider": "./lib/spider.jar",
	"lives": [
		{
			"name": "live",
			"type": 0,
			"url": "./live.txt",
			"playerType": 2,
			"epg": "http://epg.112114.xyz/?ch={name}&date={date}",
			"logo": "https://live.fanmingming.com/tv/{name}.png"
		}
	],
	"sites": [
		{
			"key": "豆豆",
			"name": "胜寒提醒您：请勿相信视频中广告！",
			"type": 3,
			"api": "csp_Douban",
			"indexs": 1,
			"searchable": 0,
			"quickSearch": 0,
			"filterable": 0
		},
		{
			"key": "xiaozhen",
			"name": "小镇影视",
			"type": 3,
			"api": "csp_XBPQ",
			"searchable": 1,
			"quickSearch": 1,
			"filterable": 1,
			"ext": {
				"线路数组": "<a data-toggle=\"tab\"&&/a>",
				"线路标题": ">&&<",
				"分类url": "http://dyxz.tv/list/{cateId}_{catePg}.html",
				"分类": "电影$1#电视剧$2#动漫$3#综艺$4"
			}
		},
		{
			"key": "welingo",
			"name": "影视大全",
			"type": 3,
			"api": "csp_XBPQ",
			"searchable": 1,
			"quickSearch": 1,
			"filterable": 1,
			"ext": {
				"线路数组": "<a data-toggle=\"tab\"&&/a>",
				"线路标题": ">&&<",
				"分类url": "https://www.welingo.com/type/{cateId}-{catePg}.html",
				"分类": "国产剧$18#大陆综艺$30#国产动漫$26#韩剧$19#动作片$6#喜剧片$7#奇幻片$16#动画片$14#爱情片$8#恐怖片$10#战争片$12#悬疑片$13#犯罪片$15#剧情片$11#日韩综艺$31#港台综艺$32#日本动漫$27"
			}
		},
		{
			"key": "nrnnnr",
			"name": "电影天堂",
			"type": 3,
			"api": "csp_XBPQ",
			"searchable": 1,
			"quickSearch": 1,
			"filterable": 1,
			"ext": {
				"线路数组": "<a data-toggle=\"tab\"&&/a>",
				"线路标题": ">&&<",
				"分类url": "https://www.nrnnnr.com/search.php?page={catePg}&searchtype=5&tid={cateId}",
				"分类": "国产剧$5#短剧$13#电影$2#电视剧$1#综艺$3#动漫$4"
			}
		},
		{
			"key": "vx9d2",
			"name": "影视大全",
			"type": 3,
			"api": "csp_XBPQ",
			"ext": {
				"分类url": "https://www.vx9d2.com/yingshi/{cateId}-{catePg}.html",
				"分类": "国产剧$5#短剧$13#电视剧$1#电影$2#大陆综艺$22#综艺$3#动漫$4"
			}
		},
		{
			"key": "iysdq",
			"name": "影院大全",
			"type": 3,
			"api": "csp_XBPQ",
			"ext": {
				"分类url": "https://www.iysdq.com/vodtype/{cateId}-{catePg}.html",
				"分类": "电影$1#电视剧$2#综艺$3#动漫$4#短剧$5"
			}
		},
		{
			"key": "大全",
			"name": "影院大全",
			"type": 3,
			"api": "csp_XBPQ",
			"ext": {
				"分类url": "https://www.iysdq.cc/vodshow/{cateId}-{area}-------{catePg}---.html",
				"分类": "电影$1#电视剧$2#综艺$3#动漫$4#短剧$5"
			}
		},
		{
			"key": "fdoruw",
			"name": "全民影视",
			"type": 3,
			"api": "csp_XBPQ",
			"searchable": 1,
			"quickSearch": 1,
			"filterable": 1,
			"ext": {
				"线路数组": "<a data-toggle=\"tab\"&&/a>",
				"线路标题": ">&&<",
				"分类url": "https://www.fdoruw.com/qm/{cateId}-{catePg}.html",
				"分类": "国产剧$5#短剧$13#电影$2#电视剧$1#综艺$3#动漫$4"
			}
		},
		{
			"key": "雨见视频",
			"name": "雨见蓝光",
			"type": 3,
			"api": "csp_XBPQ",
			"searchable": 1,
			"quickSearch": 1,
			"filterable": 1,
			"ext": {
				"影片类型": "类型：&&</li>",
				"简介": "简介：&&</div>",
				"分类url": "http://yjsp.mxys8.com/index.php/vod/show/id/{cateId}/page/{catePg}.html",
				"分类": "国产剧$13#电影$1#连续剧$2#动漫$4#综艺$3#纪录片$27"
			}
		},
		{
			"key": "可可影视",
			"name": "可可影视",
			"type": 3,
			"api": "csp_XBPQ",
			"searchable": 1,
			"quickSearch": 1,
			"filterable": 1,
			"ext": {
				"主页url": "https://www.keke1.app/",
				"分类url": "/show/{cateId}-----3-{catePg}.html",
				"分类": "电影$1#剧集$2#综艺$3#动漫$4#短剧$6",
				"数组": "默认--<div class=\"module-item&&</a>||搜索--/detail&&</a>",
				"标题": "title\">&&</div",
				"图片": "默认--https://vres1.ipvav.cn/+data-original=\"/&&\"||搜索--https://vres1.ipvav.cn/vod1/vod/+/vod1/vod/&&\"",
				"副标题": "bottom\">&&</span||搜索--tags\">&&</div",
				"链接": "默认--href=\"&&\"||搜索--/detail/+/&&.html\"+.html",
				"影片年代": "--.html\"*>&&</a",
				"状态": "备注:</div>&&</div",
				"导演": "导演:</div>&&</div",
				"主演": "演员:</div>&&</div",
				"简介": "detail-desc\">&&</p",
				"线路数组": "source-item\">&&</a>[不包含:4K(高峰不卡)]",
				"线路标题": "label\">&&<",
				"播放数组": "episode-list&&</div",
				"播放列表": "<a&&/a>",
				"播放标题": ">&&<",
				"播放链接": "href=\"&&\"",
				"嗅探词": ".mp4#.m3u8",
				"搜索请求头": "User-Agent$MOBILE_UA",
				"搜索url": "/search?k={wd}&page={pg}",
				"搜索模式": "1"
			}
		},
		{
			"key": "毒舌影视",
			"name": "毒舌影视",
			"type": 3,
			"api": "csp_XBPQ",
			"searchable": 1,
			"quickSearch": 1,
			"filterable": 1,
			"ext": {
				"主页url": "https://www.dushe6.app/",
				"分类url": "/show/{cateId}-----3-{catePg}.html",
				"分类": "电影$1#剧集$2#综艺$3#动漫$4#短剧$6",
				"数组": "默认--<div class=\"module-item&&</a>||搜索--/detail&&</a>",
				"标题": "title\">&&</div",
				"图片": "默认--https://vres1.ipvav.cn/+data-original=\"/&&\"||搜索--https://vres1.ipvav.cn/vod1/vod/+/vod1/vod/&&\"",
				"副标题": "bottom\">&&</span||搜索--tags\">&&</div",
				"链接": "默认--href=\"&&\"||搜索--/detail/+/&&.html\"+.html",
				"影片年代": "--.html\"*>&&</a",
				"状态": "备注:</div>&&</div",
				"导演": "导演:</div>&&</div",
				"主演": "演员:</div>&&</div",
				"简介": "detail-desc\">&&</p",
				"线路数组": "source-item\">&&</a>[不包含:4K(高峰不卡)]",
				"线路标题": "label\">&&<",
				"播放数组": "episode-list&&</div",
				"播放列表": "<a&&/a>",
				"播放标题": ">&&<",
				"播放链接": "href=\"&&\"",
				"嗅探词": ".mp4#.m3u8",
				"搜索请求头": "User-Agent$MOBILE_UA",
				"搜索url": "/search?k={wd}&page={pg}",
				"搜索模式": "1"
			}
		},
		{
			"key": "pianba",
			"name": "片吧影视",
			"type": 3,
			"api": "csp_XBPQ",
			"searchable": 1,
			"quickSearch": 1,
			"filterable": 1,
			"ext": {
				"分类url": "https://www.ipianba.com/class/{cateId}-{area}-{by}--{lang}----{catePg}---{year}.html",
				"分类": "电影$1#剧集$2#动漫$3#综艺$4"
			}
		},
		{
			"key": "drpy_js_金牌1",
			"name": "金牌影视",
			"type": 3,
			"api": "./lib/drpy2.min.js",
			"ext": "./lib/金牌影视.js"
		},
		{
			"key": "drpy_js_金牌",
			"name": "金牌秒播",
			"type": 3,
			"api": "./lib/drpy2.min.js",
			"ext": "./lib/金牌影视2.js"
		},
		{
			"key": "Wwys",
			"name": "旺旺影视",
			"type": 3,
			"quickSearch": 1,
			"api": "csp_Wwys",
			"ext": "https://www.wwgz.cn"
		},
		{
			"key": "jieys",
			"name": "界影视",
			"type": 3,
			"api": "https://raw.bgithub.xyz/MingHoChen/tvbox_cluntop/refs/heads/main/py/py_jieyingshi.py",
			"searchable": 1,
			"quickSearch": 0,
			"filterable": 0,
			"changeable": 0
		},
		{
			"key": "猫咪资源",
			"name": "猫咪影院",
			"type": 1,
			"api": "http://zy.xmm.hk/api.php/provide/vod/?ac=list",
			"searchable": 1,
			"quickSearch": 1,
			"filterable": 1,
			"categories": [
				"电影",
				"连续剧",
				"综艺",
				"动漫"
			]
		},
		{
			"key": "狐狸君",
			"name": "狐君4K",
			"type": 3,
			"api": "csp_XBPQ",
			"changeable": 1,
			"searchable": 1,
			"quickSearch": 1,
			"filterable": 1,
			"ext": {
				"搜索模式": "1",
				"搜索url": "https://www.foxjun.com/s/?q={wd}",
				"搜索数组": "class=\"media\">&&/div>",
				"搜索图片": "src=\"&&\"",
				"搜索标题": "《&&》",
				"搜索副标题": "》&&\"",
				"搜索链接": "href=\"&&\"",
				"标题": "《&&》",
				"副标题": "》&&\"",
				"影片年代": "上映日期：&&</p>",
				"影片类型": "类型：&&</p>",
				"主演": "主演：&&</p>",
				"简介": "简介：&&</p>",
				"播放数组": "<tbody>&&</tbody>",
				"播放列表": "<a&&/a>[包含:magnet]",
				"播放标题": ">&&<",
				"播放链接": "href=\"&&\"",
				"分类url": "https://www.foxjun.com/channel/{cateId}.html?apage1={catepg}",
				"分类": "国产剧$guochanju#电影$dianying#动画$donghua#美欧剧$meiouju#日韩剧$rihanju"
			}
		},
		{
			"key": "永乐影视",
			"name": "永乐影视",
			"type": 3,
			"api": "csp_XBPQ",
			"ext": {
				"分类url": "https://www.ylys.tv/vodshow/{cateId}--------{catePg}---/",
				"分类": "国产剧$13#电视剧$2#电影$1#综艺$3#动漫$4"
			}
		},
		{
			"key": "csp_红狐狸",
			"name": "狐狸影视",
			"type": 3,
			"api": "csp_XBPQ",
			"ext": {
				"分类url": "https://honghuli.com/show/{cateId}-{area}-------{catePg}---{year}.html",
				"分类": "电影$1#电视剧$2#综艺$3#动漫$4"
			}
		},
		{
			"key": "nkvod",
			"name": "耐看观影",
			"type": 3,
			"api": "csp_XBPQ",
			"ext": {
				"分类url": "https://www.nkvod.com/show/{cateId}--------{catePg}---.html",
				"分类": "电视剧$2#电影$1#动漫$4#综艺$3"
			}
		},
		{
			"key": "lkvod",
			"name": "爱看影视",
			"type": 3,
			"api": "csp_XBPQ",
			"ext": {
				"分类url": "https://www.lkvod.com/show/{cateId}--------{catePg}---.html",
				"分类": "电视剧$2#电影$1#动漫$4#综艺$3"
			}
		},
		{
			"key": "热播影视",
			"name": "热播影视",
			"type": 3,
			"api": "csp_AppRJ",
			"searchable": 1,
			"quickSearch": 1,
			"filterable": 0,
			"ext": {
				"url": "http://v.rbotv.cn"
			}
		},
		{
			"key": "甜圈短剧",
			"name": "甜圈短剧",
			"type": 3,
			"api": "./lib/甜圈短剧.py",
			"searchable": 1,
			"changeable": 1,
			"quickSearch": 1,
			"filterable": 1,
			"playerType": 2
		},
		{
			"key": "河马短剧",
			"name": "河马短剧",
			"type": 3,
			"api": "./lib/河马短剧.py",
			"searchable": 1,
			"changeable": 1,
			"quickSearch": 1,
			"filterable": 1,
			"playerType": 2
		},
		{
			"key": "星芽短剧2",
			"name": "星芽短剧",
			"type": 3,
			"api": "https://weixine.net/js/lib/drpy2.min.js",
			"ext": "https://weixine.net/js/xingya.js"
		},
		{
			"key": "旺旺",
			"name": "旺旺短剧",
			"type": 1,
			"api": "https://api.wwzy.tv/api.php/provide/vod/?ac=list",
			"playerType": 1,
			"searchable": 1,
			"changeable": 1
		},
		{
			"key": "魔都资源",
			"name": "魔都影院",
			"type": 1,
			"api": "https://www.mdzyapi.com/api.php/provide/vod/?ac=list",
			"searchable": 1,
			"quickSearch": 1,
			"filterable": 1,
			"categories": [
				"短剧",
				"国产剧",
				"大陆综艺",
				"国产动漫",
				"动作",
				"喜剧",
				"网络电影",
				"恐怖",
				"惊悚",
				"爱情",
				"剧情",
				"战争",
				"冒险",
				"韩国剧",
				"台湾剧剧",
				"日本剧",
				"欧美剧",
				"泰国剧",
				"日本动漫",
				"欧美动漫",
				"港台综艺",
				"日韩综艺",
				"欧美综艺"
			]
		},
		{
			"key": "电影天堂",
			"name": "电影天堂",
			"type": 1,
			"api": "https://caiji.dyttzyapi.com/api.php/provide/vod/?ac=list",
			"searchable": 1,
			"quickSearch": 1,
			"filterable": 1,
			"categories": [
				"短剧",
				"国产剧",
				"大陆综艺",
				"国产动漫",
				"韩国剧",
				"动作片",
				"喜剧片",
				"动画片",
				"恐怖片",
				"爱情片",
				"剧情片",
				"战争片",
				"记录片",
				"欧美剧",
				"香港剧",
				"台湾剧",
				"日本剧",
				"海外剧",
				"泰国剧",
				"日韩动漫",
				"欧美动漫",
				"港台动漫",
				"海外动漫",
				"港台综艺",
				"日韩综艺",
				"欧美综艺"
			]
		},
		{
			"key": "天涯资源",
			"name": "天涯影院",
			"type": 1,
			"api": "https://ty.tyyszy5.com/api.php/provide/vod/?ac=list",
			"searchable": 1,
			"quickSearch": 1,
			"filterable": 1,
			"categories": [
				"短剧",
				"国产剧",
				"大陆综艺",
				"国产动漫",
				"动作",
				"喜剧",
				"网络电影",
				"恐怖",
				"惊悚",
				"爱情",
				"剧情",
				"战争",
				"冒险",
				"欧美剧",
				"港台剧",
				"日韩剧",
				"欧美剧",
				"其他剧",
				"日本动漫",
				"欧美动漫",
				"港台综艺",
				"日韩综艺",
				"欧美综艺"
			]
		},
		{
			"key": "非凡资源",
			"name": "非凡影院",
			"type": 1,
			"api": "http://ffzy.tv/api.php/provide/vod/",
			"searchable": 1,
			"quickSearch": 1,
			"filterable": 1,
			"categories": [
				"短剧",
				"国产剧",
				"大陆综艺",
				"国产动漫",
				"韩国剧",
				"动作片",
				"喜剧片",
				"科幻片",
				"恐怖片",
				"爱情片",
				"剧情片",
				"战争片",
				"记录片",
				"欧美剧",
				"香港剧",
				"台湾剧",
				"日本剧",
				"海外剧",
				"泰国剧",
				"日韩动漫",
				"欧美动漫",
				"港台动漫",
				"海外动漫",
				"港台综艺",
				"日韩综艺",
				"欧美综艺"
			]
		},
		{
			"key": "1080资源",
			"name": "1080影院",
			"type": 1,
			"api": "https://api.yzzy-api.com/inc/apijson.php",
			"searchable": 1,
			"quickSearch": 1,
			"filterable": 1,
			"categories": [
				"短剧大全",
				"国产剧",
				"大陆综艺",
				"国产动漫",
				"动作片",
				"喜剧片",
				"科幻片",
				"恐怖片",
				"爱情片",
				"剧情片",
				"战争片",
				"记录片",
				"韩国剧",
				"欧美剧",
				"香港剧",
				"台湾剧",
				"泰国剧",
				"日韩动漫",
				"欧美动漫",
				"港台综艺",
				"日韩综艺"
			]
		},
		{
			"key": "360资源",
			"name": "360影院",
			"type": 1,
			"api": "https://360zy.com/api.php/provide/vod",
			"searchable": 1,
			"quickSearch": 1,
			"filterable": 1,
			"categories": [
				"爽文短剧",
				"国产剧",
				"大陆综艺",
				"国产动漫",
				"韩国剧",
				"动作片",
				"喜剧片",
				"科幻片",
				"恐怖片",
				"爱情片",
				"剧情片",
				"战争片",
				"记录片",
				"欧美剧",
				"香港剧",
				"台湾剧",
				"泰国剧",
				"日韩动漫",
				"欧美动漫",
				"港台综艺",
				"日韩综艺"
			]
		},
		{
			"key": "极速资源",
			"name": "极速影院",
			"type": 1,
			"api": "https://jszyapi.com/api.php/provide/vod/at/json",
			"searchable": 1,
			"quickSearch": 1,
			"filterable": 1,
			"categories": [
				"短剧",
				"内地剧",
				"大陆综艺",
				"中国动漫",
				"动作片",
				"喜剧片",
				"爱情片",
				"科幻片",
				"恐怖片",
				"剧情片",
				"战争片",
				"动画片",
				"记录片",
				"台湾剧",
				"日剧",
				"韩剧",
				"马泰剧",
				"港台综艺",
				"日韩综艺",
				"欧美综艺",
				"日韩动漫",
				"欧美动漫",
				"港台动漫",
				"海外动漫"
			]
		},
		{
			"key": "360影视",
			"name": "360影视",
			"type": 3,
			"api": "csp_SP360",
			"searchable": 1,
			"quickSearch": 1,
			"filterable": 1
		},
		{
			"key": "bili",
			"name": "哔哩哔哩",
			"type": 3,
			"playerType": "2",
			"api": "https://tvbox.catvod.com/js/drpy2.min.js",
			"ext": "https://tvbox.catvod.com/js/bili.js"
		},
		{
			"key": "爱奇艺",
			"name": "爱奇艺",
			"type": 3,
			"playerType": "2",
			"api": "https://tvbox.catvod.com/js/drpy2.min.js",
			"ext": "https://tvbox.catvod.com/js/aqy.js"
		},
		{
			"key": "优酷",
			"name": "优酷",
			"type": 3,
			"playerType": "2",
			"api": "https://tvbox.catvod.com/js/drpy2.min.js",
			"ext": "https://tvbox.catvod.com/js/yk.js"
		},
		{
			"key": "腾讯",
			"name": "腾讯",
			"type": 3,
			"playerType": "2",
			"api": "https://tvbox.catvod.com/js/drpy2.min.js",
			"ext": "https://tvbox.catvod.com/js/tx.js"
		},
		{
			"key": "搜狗",
			"name": "搜狗",
			"type": 3,
			"playerType": "2",
			"api": "https://tvbox.catvod.com/js/drpy2.min.js",
			"ext": "https://tvbox.catvod.com/js/sg.js"
		},
		{
			"key": "MGTV",
			"name": "芒果",
			"type": 3,
			"playerType": "2",
			"api": "https://tvbox.catvod.com/js/drpy2.min.js",
			"ext": "https://tvbox.catvod.com/js/mgtv.js"
		},
		{
			"key": "zhuijuwu",
			"name": "追剧影视",
			"type": 3,
			"api": "csp_XBPQ",
			"searchable": 1,
			"quickSearch": 1,
			"filterable": 1,
			"ext": {
				"线路数组": "<a data-toggle=\"tab\"&&/a>",
				"线路标题": ">&&<",
				"分类url": "https://zhuijuwu.com/frim/index{cateId}-{catePg}.html",
				"分类": "大陆剧$13#电影$1#电视剧$2#综艺$3#动漫$4"
			}
		},
		{
			"key": "csp_hanhan",
			"name": "请勿相信影片广告！",
			"type": 1,
			"playerType": 2,
			"api": "",
			"searchable": 1,
			"quickSearch": 1,
			"filterable": 1
		}
	],
	"parses": [
		{
			"name": "Json聚合",
			"type": 3,
			"url": "Demo"
		},
		{
			"name": "00",
			"type": 0,
			"url": "https://jx.nnxv.cn/tv.php?url="
		},
		{
			"name": "线0",
			"type": 0,
			"url": "https://bd.jx.cn/?url="
		},
		{
			"name": "线1",
			"type": 0,
			"url": "https://jx.hls.one/?url="
		},
		{
			"name": "线2",
			"type": 0,
			"url": "https://jiexi.789jiexi.com/?url="
		},
		{
			"name": "线3",
			"type": 0,
			"url": "https://www.pangujiexi.com/pangu/?url="
		},
		{
			"name": "线4",
			"type": 0,
			"url": "https://jx.xmflv.cc/?url="
		},
		{
			"name": "线5",
			"type": 0,
			"url": "https://www.playm3u8.cn/jiexi.php?url="
		},
		{
			"name": "线6",
			"type": 0,
			"url": "https://www.8090g.cn/?url="
		},
		{
			"name": "线7",
			"type": 0,
			"url": "https://www.pouyun.com/?url="
		},
		{
			"name": "线8",
			"type": 0,
			"url": "https://jx.m3u8.tv/jiexi/?url="
		},
		{
			"name": "线9",
			"type": 0,
			"url": "https://jx.2s0.cn/player/?url="
		},
		{
			"name": "线10",
			"type": 0,
			"url": "https://www.yemu.xyz/?url="
		},
		{
			"name": "线11",
			"type": 0,
			"url": "https://www.ckplayer.vip/jiexi/?url="
		},
		{
			"name": "线12",
			"type": 0,
			"url": "https://jx.yparse.com/index.php?url="
		},
		{
			"name": "胜寒欢迎您",
			"type": 0,
			"url": ""
		}
	],
	"flags": [
		"youku",
		"优酷",
		"优 酷",
		"优酷视频",
		"qq",
		"腾讯",
		"腾 讯",
		"腾讯视频",
		"iqiyi",
		"qiyi",
		"奇艺",
		"爱奇艺",
		"爱 奇 艺",
		"m1905",
		"xigua",
		"letv",
		"leshi",
		"乐视",
		"乐 视",
		"sohu",
		"搜狐",
		"搜 狐",
		"搜狐视频",
		"tudou",
		"mgtv",
		"芒果",
		"imgo",
		"芒果TV",
		"芒 果 T V",
		"bilibili",
		"哔 哩",
		"哔 哩 哔 哩",
		"SPA",
		"YuMi-vip",
		"pptv",
		"PPTV",
		"ltnb",
		"rx",
		"SLYS4k",
		"tucheng",
		"BYGA",
		"luanzi",
		"dxzy",
		"QEYSS",
		"aliyun",
		"AliS",
		"122",
		"chuangying",
		"CL4K",
		"xfyun",
		"wuduzy",
		"wasu",
		"renrenmi",
		"ppayun",
		"haiwaikan",
		"cool",
		"dbm3u8",
		"xmm",
		"funshion",
		"ruyi1080",
		"ruyib1080"
	],
	"doh": [
		{
			"name": "Google",
			"url": "https://dns.google/dns-query",
			"ips": [
				"8.8.4.4",
				"8.8.8.8"
			]
		},
		{
			"name": "Cloudflare",
			"url": "https://cloudflare-dns.com/dns-query",
			"ips": [
				"1.1.1.1",
				"1.0.0.1",
				"2606:4700:4700::1111",
				"2606:4700:4700::1001"
			]
		},
		{
			"name": "AdGuard",
			"url": "https://dns.adguard.com/dns-query",
			"ips": [
				"94.140.14.140",
				"94.140.14.141"
			]
		},
		{
			"name": "DNSWatch",
			"url": "https://resolver2.dns.watch/dns-query",
			"ips": [
				"84.200.69.80",
				"84.200.70.40"
			]
		},
		{
			"name": "Quad9",
			"url": "https://dns.quad9.net/dns-quer",
			"ips": [
				"9.9.9.9",
				"149.112.112.112"
			]
		}
	],
	"rules": [
		{
			"name": "kk",
			"hosts": [
				"kuaikan"
			],
			"regex": [
				"5",
				"20.123",
				"20.167",
				"#EXT-X-DISCONTINUITY\\r*\\n*((?!#EXT-X-DISCONTINUITY)[\\s\\S])*?#EXT-X-KEY:METHOD((?!#EXT-X-DISCONTINUITY)[\\s\\S])*?#EXT-X-DISCONTINUITY"
			]
		},
		{
			"name": "yqk",
			"hosts": [
				"yqk"
			],
			"regex": [
				"18.4",
				"15.1666",
				"#EXT-X-DISCONTINUITY\\r*\\n*((?!#EXT-X-DISCONTINUITY)[\\s\\S])*?#EXT-X-CUE-OUT((?!#EXT-X-DISCONTINUITY)[\\s\\S])*?#EXT-X-CUE-IN"
			]
		},
		{
			"name": "sn",
			"hosts": [
				"suonizy"
			],
			"regex": [
				"#EXTINF.*?\\s+.*?original.*?\\.ts\\s+",
				"15.1666",
				"15.2666",
				"16.3333",
				"15.266667"
			]
		},
		{
			"name": "bf",
			"hosts": [
				"bfzy"
			],
			"regex": [
				"#EXT-X-DISCONTINUITY\\r*\\n*#EXTINF:3,[\\s\\S]*?#EXT-X-DISCONTINUITY"
			]
		},
		{
			"name": "xx",
			"hosts": [
				"aws.ulivetv.net"
			],
			"regex": [
				"#EXT-X-DISCONTINUITY\\r*\\n*#EXTINF:8,[\\s\\S]*?#EXT-X-DISCONTINUITY"
			]
		},
		{
			"name": "lz",
			"hosts": [
				"vip.lz",
				"hd.lz",
				"v.cdnlz",
				"yzzy1.play"
			],
			"regex": [
				"18.5333",
				"19.52",
				"18.6666"
			]
		},
		{
			"name": "ff",
			"hosts": [
				"vip.ffzy",
				"hd.ffzy",
				"ffzy"
			],
			"regex": [
				"25.0666",
				"25.08",
				"20.52",
				"25.1",
				"25.1999"
			]
		},
		{
			"name": "hs",
			"hosts": [
				"huoshan.com"
			],
			"regex": [
				"item_id="
			]
		},
		{
			"name": "dy",
			"hosts": [
				"douyin.com"
			],
			"regex": [
				"is_play_url="
			]
		},
		{
			"name": "nm",
			"hosts": [
				"toutiaovod.com"
			],
			"regex": [
				"video/tos/cn"
			]
		},
		{
			"name": "磁力",
			"hosts": [
				"magnet"
			],
			"regex": [
				"更多",
				"社 區",
				"x u u",
				"最 新",
				"直 播",
				"更 新",
				"社 区",
				"有 趣",
				"英皇体育",
				"全中文AV在线",
				"澳门皇冠赌场",
				"哥哥快来",
				"美女荷官",
				"裸聊",
				"新片首发",
				"UUE29"
			]
		}
	]
}