{
    "spider": "./dhys.jar",
    "wallpaper": "https://深色壁纸.xxooo.cf/",
    "warningText": "【毒盒影视】提示：📢长期维护切勿贩卖",
    "lives": [
        {
            "name": "卡卡西线路",
            "type": 0,
            "url": "https://gh-proxy.com/https://raw.githubusercontent.com/kakaxi-1/IPTV/main/ipv4.txt",
            "epg": "http://epg.112114.eu.org/?ch={name}&date={date}"
        },
        {
            "name": "猫TV线路(EXO)",
            "type": 0,
            "url": "http://rihou.cc:567/gggg.nzk",
            "playerType": 2,
            "ua": "okhttp/3",
            "epg": "https://epg.112114.eu.org/?ch={name}&date={date}",
            "logo": "https://epg.112114.eu.org/logo/{name}.png"
        },
        {
            "name": "猫TV线路(IJK)",
            "type": 0,
            "url": "http://rihou.cc:567/gggg.nzk",
            "playerType": 1,
            "ua": "okhttp/3",
            "epg": "https://epg.112114.eu.org/?ch={name}&date={date}",
            "logo": "https://epg.112114.eu.org/logo/{name}.png"
        }
    ],
    "sites": [
        {
            "key": "豆瓣",
            "name": "公众号【毒盒科技】",
            "type": 3,
            "api": "csp_Douban",
            "searchable": 0,
            "changeable": 1
        },
        {
            "key": "ext_live_protocol",
            "name": "公众号【毒盒科技】",
            "type": 3,
            "api": "csp_XPath",
            "searchable": 0,
            "quickSearch": 0,
            "changeable": 0
        },
        {
            "key": "cc",
            "name": "请勿相信视频中任何广告",
            "type": 3,
            "api": "csp_XPath",
            "searchable": 0,
            "quickSearch": 0
        }
    ],
    "parses": [
        {
            "name": "解析聚合",
            "type": 3,
            "url": "Demo"
        },
        {
            "name": "json并发",
            "type": 2,
            "url": "Parallel"
        },
        {
            "name": "json轮询",
            "type": 2,
            "url": "Sequence"
        },
        {
            "name": "量子",
            "type": 0,
            "url": "https://lzplayer.tv/?url="
        },
        {
            "name": "解析1",
            "type": "1",
            "url": "https://zy.qiaoji8.com/gouzi.php?url=",
            "ext": {
                "flag": [
                    "qq",
                    "腾讯",
                    "qiyi",
                    "爱奇艺",
                    "奇艺",
                    "youku",
                    "优酷",
                    "sohu",
                    "搜狐",
                    "letv",
                    "乐视",
                    "mgtv",
                    "芒果",
                    "芒果TV",
                    "tnmb",
                    "seven",
                    "bilibili",
                    "1905"
                ],
                "header": {
                    "User-Agent": "okhttp/4.9.1"
                }
            }
        },
        {
            "name": "解析2",
            "type": 0,
            "url": "https://jx.m3u8.tv/jiexi/?url="
        },
        {
            "name": "解析3",
            "type": 0,
            "url": "https://jx.xmflv.com/?url=",
            "ext": {
                "flag": [
                    "qq",
                    "腾讯",
                    "qiyi",
                    "爱奇艺",
                    "奇艺",
                    "youku",
                    "优酷",
                    "sohu",
                    "搜狐",
                    "letv",
                    "乐视",
                    "mgtv",
                    "芒果",
                    "芒果TV",
                    "tnmb",
                    "seven",
                    "bilibili",
                    "1905"
                ],
                "header": {
                    "user-agent": "Mozilla/5.0 (Windows NT 10.0; Win64; x64) AppleWebKit/537.36 (KHTML, like Gecko) Chrome/110.0.0.0 Safari/537.36 Edg/110.0.1587.57"
                }
            }
        },
        {
            "name": "解析4",
            "type": 0,
            "url": "https://jx.m3u8.tv/jiexi/?url=",
            "ext": {
                "flag": [
                    "qq",
                    "腾讯",
                    "qiyi",
                    "爱奇艺",
                    "奇艺",
                    "youku",
                    "优酷",
                    "sohu",
                    "搜狐",
                    "letv",
                    "乐视",
                    "mgtv",
                    "芒果",
                    "芒果TV",
                    "tnmb",
                    "seven",
                    "bilibili",
                    "1905"
                ],
                "header": {
                    "User-Agent": "okhttp/4.9.1"
                }
            }
        },
        {
            "name": "解析0",
            "type": 1,
            "url": "http://1.94.221.189:88/algorithm.php?url=",
            "ext": {
                "flag": [
                    "公众号:毒盒影视",
                    "qq",
                    "腾讯",
                    "qiyi",
                    "爱奇艺",
                    "奇艺",
                    "youku",
                    "优酷",
                    "sohu",
                    "搜狐",
                    "letv",
                    "乐视",
                    "芒果",
                    "tnmb",
                    "seven",
                    "bilibili",
                    "1905"
                ],
                "header": {
                    "User-Agent": "okhttp/4.9.1"
                }
            }
        },
        {
            "name": "解析5",
            "type": 0,
            "url": "https://www.ckplayer.vip/jiexi/?url="
        },
        {
            "name": "解析6",
            "type": "1",
            "url": "http://43.248.100.147:6068/KEY/XGJ/root/key/70.php?url=",
            "ext": {
                "flag": [
                    "youku",
                    "qq",
                    "qiyi",
                    "bilibili",
                    "mgtv",
                    "pptv",
                    "xigua",
                    "NBY",
                    "ETH-",
                    "BBA",
                    "TX",
                    "MXTV",
                    "mytv",
                    "nmys",
                    "yhdm",
                    "BNNB",
                    "letu",
                    "DJWB",
                    "DJWX",
                    "DJWT",
                    "duanju"
                ],
                "header": {
                    "User-Agent": "Dalvik/2.1.0"
                }
            }
        },
        {
            "name": "解析7",
            "type": 0,
            "url": "https://jx.quankan.app/?url=",
            "ext": {
                "header": {
                    "user-agent": "Mozilla/5.0 (Linux; Android 13; V2049A Build/TP1A.220624.014; wv) AppleWebKit/537.36 (KHTML, like Gecko) Version/4.0 Chrome/116.0.0.0 Mobile Safari/537.36"
                }
            }
        },
        {
            "name": "解析8",
            "type": 0,
            "url": "https://jx.aidouer.net/?url=",
            "ext": {
                "header": {
                    "user-agent": "Mozilla/5.0 (Linux; Android 13; V2049A Build/TP1A.220624.014; wv) AppleWebKit/537.36 (KHTML, like Gecko) Version/4.0 Chrome/116.0.0.0 Mobile Safari/537.36",
                    "referer": "https://jiejie.uk/"
                }
            }
        }
    ],
    "flags": [
        "youku",
        "qq",
        "iqiyi",
        "qiyi",
        "letv",
        "sohu",
        "tudou",
        "pptv",
        "mgtv",
        "wasu",
        "bilibili",
        "renrenmi"
    ],
    "rules": [
        {
            "host": "www.iesdouyin.com",
            "rule": [
                "playwm/?video_id="
            ]
        },
        {
            "host": "www.ysgc.vip",
            "rule": [
                "getm3u8?url=http"
            ]
        },
        {
            "host": "v.douyin.com",
            "rule": [
                "playwm/?video_id="
            ]
        },
        {
            "host": "dyxs20.com",
            "rule": [
                ".m3u8"
            ]
        },
        {
            "host": "www.agemys.cc",
            "rule": [
                "cdn-tos",
                "obj/tos-cn"
            ]
        },
        {
            "host": "www.sharenice.net",
            "rule": [
                "http.*?/play.{0,3}\\?[^url]{2,8}=.*",
                "qianpailive.com",
                "vid="
            ]
        },
        {
            "name": "暴风",
            "hosts": [
                "bfzy",
                "bfbfvip"
            ],
            "regex": [
                "#EXTINF.*?\\s+.*?adjump.*?\\.ts\\s+"
            ]
        },
        {
            "name": "量子广告",
            "hosts": [
                "vip.lz",
                "hd.lz",
                ".cdnlz",
                ".cdnlz*"
            ],
            "regex": [
                "#EXTINF.*?\\s+[a-z0-9]{18}\\.ts",
                "[a-z0-9]{18}\\.ts\\s+",
                "#EXT-X-DISCONTINUITY\\r*\\n*#EXTINF.*?\\s+[a-z0-9]{18}\\.ts[\\s\\S]*?#EXT-X-DISCONTINUITY"
            ]
        },
        {
            "name": "非凡广告",
            "hosts": [
                "vip.ffzy",
                "hd.ffzy",
                ".ffzy*"
            ],
            "regex": [
                "#EXT-X-DISCONTINUITY\\r*\\n*#EXTINF.*?\\s+[0-9]{11}[1-9]{2}.*?\\.ts[\\s\\S]*?#EXT-X-DISCONTINUITY",
                "#EXT-X-DISCONTINUITY\\r*\\n*#EXTINF:5.033333,[\\s\\S]*?#EXT-X-DISCONTINUITY\\r*\\n*#EXTINF:3.960000",
                "#EXTINF.*?\\s+.*?1171.*?\\.ts\\s+"
            ]
        },
        {
            "name": "索尼",
            "hosts": [
                "suonizy"
            ],
            "regex": [
                "#EXT-X-DISCONTINUITY\\r*\\n*#EXTINF:1\\.000000,[\\s\\S]*?#EXT-X-DISCONTINUITY",
                "#EXTINF.*?\\s+.*?p1ayer.*?\\.ts\\s+",
                "#EXTINF.*?\\s+.*?\\/video\\/original.*?\\.ts\\s+"
            ]
        },
        {
            "name": "快看",
            "hosts": [
                "kuaikan"
            ],
            "regex": [
                "#EXT-X-KEY:METHOD=NONE\\r*\\n*#EXTINF:5,[\\s\\S]*?#EXT-X-DISCONTINUITY",
                "#EXT-X-KEY:METHOD=NONE\\r*\\n*#EXTINF:2\\.4,[\\s\\S]*?#EXT-X-DISCONTINUITY"
            ]
        },
        {
            "name": "海外看",
            "hosts": [
                "haiwaikan"
            ],
            "regex": [
                "10.0099",
                "10.3333",
                "16.0599",
                "8.1748",
                "10.85"
            ]
        }
    ],
    "ijk": [
        {
            "group": "软解码",
            "options": [
                {
                    "category": 4,
                    "name": "opensles",
                    "value": "0"
                },
                {
                    "category": 4,
                    "name": "overlay-format",
                    "value": "842225234"
                },
                {
                    "category": 4,
                    "name": "framedrop",
                    "value": "1"
                },
                {
                    "category": 4,
                    "name": "soundtouch",
                    "value": "1"
                },
                {
                    "category": 4,
                    "name": "start-on-prepared",
                    "value": "1"
                },
                {
                    "category": 1,
                    "name": "http-detect-range-support",
                    "value": "0"
                },
                {
                    "category": 1,
                    "name": "fflags",
                    "value": "fastseek"
                },
                {
                    "category": 2,
                    "name": "skip_loop_filter",
                    "value": "48"
                },
                {
                    "category": 4,
                    "name": "reconnect",
                    "value": "1"
                },
                {
                    "category": 4,
                    "name": "enable-accurate-seek",
                    "value": "0"
                },
                {
                    "category": 4,
                    "name": "mediacodec",
                    "value": "0"
                },
                {
                    "category": 4,
                    "name": "mediacodec-auto-rotate",
                    "value": "0"
                },
                {
                    "category": 4,
                    "name": "mediacodec-handle-resolution-change",
                    "value": "0"
                },
                {
                    "category": 4,
                    "name": "mediacodec-hevc",
                    "value": "0"
                },
                {
                    "category": 1,
                    "name": "dns_cache_timeout",
                    "value": "600000000"
                }
            ]
        },
        {
            "group": "硬解码",
            "options": [
                {
                    "category": 4,
                    "name": "opensles",
                    "value": "0"
                },
                {
                    "category": 4,
                    "name": "overlay-format",
                    "value": "842225234"
                },
                {
                    "category": 4,
                    "name": "framedrop",
                    "value": "1"
                },
                {
                    "category": 4,
                    "name": "soundtouch",
                    "value": "1"
                },
                {
                    "category": 4,
                    "name": "start-on-prepared",
                    "value": "1"
                },
                {
                    "category": 1,
                    "name": "http-detect-range-support",
                    "value": "0"
                },
                {
                    "category": 1,
                    "name": "fflags",
                    "value": "fastseek"
                },
                {
                    "category": 2,
                    "name": "skip_loop_filter",
                    "value": "48"
                },
                {
                    "category": 4,
                    "name": "reconnect",
                    "value": "1"
                },
                {
                    "category": 4,
                    "name": "enable-accurate-seek",
                    "value": "0"
                },
                {
                    "category": 4,
                    "name": "mediacodec",
                    "value": "1"
                },
                {
                    "category": 4,
                    "name": "mediacodec-auto-rotate",
                    "value": "1"
                },
                {
                    "category": 4,
                    "name": "mediacodec-handle-resolution-change",
                    "value": "1"
                },
                {
                    "category": 4,
                    "name": "mediacodec-hevc",
                    "value": "1"
                },
                {
                    "category": 1,
                    "name": "dns_cache_timeout",
                    "value": "600000000"
                }
            ]
        }
    ],
    "ads": [
        "mimg.0c1q0l.cn",
        "www.googletagmanager.com",
        "www.google-analytics.com",
        "mc.usihnbcq.cn",
        "mg.g1mm3d.cn",
        "mscs.svaeuzh.cn",
        "cnzz.hhttm.top",
        "tp.vinuxhome.com",
        "cnzz.mmstat.com",
        "www.baihuillq.com",
        "s23.cnzz.com",
        "z3.cnzz.com",
        "c.cnzz.com",
        "stj.v1vo.top",
        "z12.cnzz.com",
        "img.mosflower.cn",
        "tips.gamevvip.com",
        "ehwe.yhdtns.com",
        "xdn.cqqc3.com",
        "www.jixunkyy.cn",
        "sp.chemacid.cn",
        "hm.baidu.com",
        "s9.cnzz.com",
        "z6.cnzz.com",
        "um.cavuc.com",
        "mav.mavuz.com",
        "wofwk.aoidf3.com",
        "z5.cnzz.com",
        "xc.hubeijieshikj.cn",
        "tj.tianwenhu.com",
        "xg.gars57.cn",
        "k.jinxiuzhilv.com",
        "cdn.bootcss.com",
        "ppl.xunzhuo123.com",
        "xomk.jiangjunmh.top",
        "img.xunzhuo123.com",
        "z1.cnzz.com",
        "s13.cnzz.com",
        "xg.huataisangao.cn",
        "z7.cnzz.com",
        "xg.huataisangao.cn",
        "z2.cnzz.com",
        "s96.cnzz.com",
        "q11.cnzz.com",
        "thy.dacedsfa.cn",
        "xg.whsbpw.cn",
        "s19.cnzz.com",
        "z8.cnzz.com",
        "s4.cnzz.com",
        "f5w.as12df.top",
        "ae01.alicdn.com",
        "www.92424.cn",
        "k.wudejia.com",
        "vivovip.mmszxc.top",
        "qiu.xixiqiu.com",
        "cdnjs.hnfenxun.com",
        "cms.qdwght.com",
        "api.htpan.net"
    ]
}