{
    "urls": [
        {
            "name": "📚公众号：拾光趣乐屋📚",
            "url": "https://4708.kstore.space/omg/hollo.json"
        },
        {
            "name": "拾光短剧📚拾光仓库",
            "url": "https://4708.kstore.space/DJ/DJ.json"
        },
        {
            "name": "饭太硬📚拾光仓库",
            "url": "http://www.饭太硬.com/tv/"
        },
        {
            "name": "菜妮丝📚拾光仓库",
            "url": "https://tv.xn--yhqu5zs87a.top"
        },
        {
            "name": "新道长📚拾光仓库",
            "url": "https://drpys.6516789.xyz/config/1"
        },
        {
            "name": "动漫城📚拾光仓库",
            "url": "https://www.yingm.cc/dm/dm.json"
        },
        {
            "name": "喵影视📚拾光仓库",
            "url": "http://meowtv.cn/tv"
        },
        {
            "name": "小脑斧📚拾光仓库",
            "url": "https://6492.kstore.space/xnf/xnf.json"
        },
        {
            "name": "摸鱼📚拾光仓库",
            "url": "http://我不是.摸鱼儿.xyz"
        },
        {
            "name": "肥猫📚拾光仓库",
            "url": "http://肥猫.com/"
        },
        {
            "name": "欧歌📚拾光仓库",
            "url": "http://tv.nxog.top/m"
        },
        {
            "name": "小虎斑📚拾光仓库",
            "url": "https://hb.xyyh.online/tvbox/"
        },
        {
            "name": "天微📚拾光仓库",
            "url": "https://7337.kstore.space/twvip/自用测试.json"
        },
        {
            "name": "青龙📚拾光仓库",
            "url": "https://gitee.com/yiwu369/6758/raw/master/1.json"
        },
        {
            "name": "小米📚拾光仓库",
            "url": "https://mpanso.me/DEMO.json"
        },
        {
            "name": "玉儿📚拾光仓库",
            "url": "https://fmbox.cc"
        },
        {
            "name": "O  K📚拾光仓库",
            "url": "http://ok321.top/ok"
        },
        {
            "name": "神仙📚拾光仓库",
            "url": "http://pt.sxtv.top:66/sx.json"
        },
        {
            "name": "俊佬📚拾光仓库",
            "url": "http://home.jundie.top:81/top98.json"
        },
        {
            "name": "短剧📚拾光仓库",
            "url": "http://74.120.175.78/JK/XYQTVBox/dj.json"
        },
        {
            "name": "玉玉📚拾光仓库",
            "url": "http://47.99.102.252/dc.json"
        },
        {
            "name": "南风📚拾光仓库",
            "url": "https://github.moeyy.xyz/https://raw.githubusercontent.com/yoursmile66/TVBox/main/XC.json"
        },
        {
            "name": "二小📚拾光仓库",
            "url": "http://tvbox.王二小放牛娃.top"
        },
        {
            "name": "开心📚拾光仓库",
            "url": "http://kxrj.site:55/天天开心"
        },
        {
            "name": "鱼儿📚拾光仓库",
            "url": "http://我不是.摸鱼儿.com"
        },
        {
            "name": "老刘📚拾光仓库",
            "url": "https://raw.liucn.cc/box/m.json"
        },
        {
            "name": "心魔📚拾光仓库",
            "url": "https://gh-proxy.com/raw.githubusercontent.com/yw88075/tvbox/main/yw.json"
        },
        {
            "name": "小马📚拾光仓库",
            "url": "http://szyyds.cn/tv/x.json"
        },
        {
            "name": "业余📚拾光仓库",
            "url": "https://yydf.540734621.xyz/QQ/yydf2024.json"
        },
        {
            "name": "飘零📚拾光仓库",
            "url": "https://100km.top/0"
        },
        {
            "name": "星辰📚拾光仓库",
            "url": "https://fmbox.cc"
        },
        {
            "name": "龙伊📚拾光仓库",
            "url": "https://龙伊.top"
        },
        {
            "name": "寳盒📚拾光仓库",
            "url": "https://gh.llkk.cc/https://raw.githubusercontent.com/guot55/yg/main/pg/bh.json"
        },
        {
            "name": "采集📚拾光仓库",
            "url": "http://xhztv.top/xhz.json"
        },
        {
            "name": "传说📚拾光仓库",
            "url": "https://chuanshuo.77blog.cn/tv.json"
        },
        {
            "name": "西夏📚拾光仓库",
            "url": "https://2912.kstore.space/0506.json"
        },
        {
            "name": "多多📚拾光仓库",
            "url": "https://gh-proxy.com/raw.githubusercontent.com/leevi0709/one/main/jsm.json"
        },
        {
            "name": "秒播📚拾光仓库",
            "url": "http://miao.qoo.qoo.us.kg/"
        },
        {
            "name": "XBPQ📚拾光仓库",
            "url": "https://9071.kstore.vip/自写.txt"
        },
        {
            "name": "黄金📚拾光仓库",
            "url": "https://gitlab.com/lzc1021lzc/hjfggzs.hjys/-/raw/main/hjys.free.json"
        },
        {
            "name": "道长📚拾光仓库",
            "url": "https://gitlab.com/duomv/dzhipy/-/raw/main/index.json"
        },
        {
            "name": "网盘📚拾光仓库",
            "url": "https://gitlab.com/dokiss1/tvbox/-/raw/master/doki-Dx.json"
        },
        {
            "name": "PG📚拾光仓库",
            "url": "http://www.fish2018.us.kg/p/jsm.json"
        },
        {
            "name": "真心📚拾光仓库",
            "url": "http://www.fish2018.us.kg/z/FongMi.json"
        },
        {
            "name": "琉芸📚拾光仓库",
            "url": "https://git.acwing.com/999/tvbox/-/raw/main/魔盒.json"
        },
        {
            "name": "橙子📚拾光仓库",
            "url": "https://git.acwing.com/xcz/xcz/-/raw/master/xcz.json"
        },
        {
            "name": "月光📚拾光仓库",
            "url": "https://gh.llkk.cc/https://raw.githubusercontent.com/guot55/yg/main/max.json"
        },
        {
            "name": "锦哥📚拾光仓库",
            "url": "http://jin.锦哥哥.love"
        },
        {
            "name": "小白龙📚拾光仓库",
            "url": "http://124.71.189.194/a.json"
        },
        {
            "name": "雷霆📚拾光仓库",
            "url": "https://gh-proxy.com/https://raw.githubusercontent.com/n3rddd/N3RD/master/JN/lemj.json"
        },
        {
            "name": "特别📚拾光仓库",
            "url": "https://gh-proxy.com/raw.githubusercontent.com/yuanwangokk-1/TV-BOX/refs/heads/main/drpys/jsm.json"
        },
        {
            "name": "CandyMu📚拾光仓库",
            "url": "https://gitlab.com/noimank/tvbox/-/raw/main/tvbox1.json"
        },
        {
            "name": "各种网盘📚拾光仓库",
            "url": "https://gh.llkk.cc/https://raw.githubusercontent.com/PizazzGY/TVBox/main/api.json"
        },
        {
            "name": "PizazzGY📚拾光仓库",
            "url": "https://ghproxy.net/https://raw.githubusercontent.com/xmbjm/omg/refs/heads/main/api.json"
        },
        {
            "name": "影视备用📚拾光仓库",
            "url": "https://d.kstore.dev/download/6474/tvbox/api.json"
        },
        {
            "name": "请勿贩卖📚拾光仓库",
            "url": "https://9071.kstore.vip/fhzx.txt"
        }
    ]
}